date,bar_time_gmt,bar_close,bar_high,bar_low,atr_d1,prev_high,prev_low,w1_close,w1_ema,trend_dir,threshold,allow_long,allow_short,signal,skip_reason,entry_price,sl,tp
2025.01.02,2025.01.02 01:00:00,2623.74,2625.29,2621.48,34.973,2627.58,2602.59,2621.54,2570.987,LONG,34.973,YES,NO,NONE,NO_BREAKOUT,,,
2025.01.02,2025.01.02 02:00:00,2625.33,2627.80,2622.82,34.973,2627.58,2602.59,2621.54,2571.103,LONG,34.973,YES,NO,NONE,NO_BREAKOUT,,,
2025.01.02,2025.01.02 03:00:00,2632.90,2634.35,2623.80,34.973,2627.58,2602.59,2621.54,2571.664,LONG,34.973,YES,NO,NONE,NO_BREAKOUT,,,
2025.01.02,2025.01.02 04:00:00,2634.72,2636.37,2632.31,34.973,2627.58,2602.59,2621.54,2571.796,LONG,34.973,YES,NO,NONE,NO_BREAKOUT,,,
2025.01.02,2025.01.02 05:00:00,2633.66,2635.32,2632.30,34.973,2627.58,2602.59,2621.54,2571.720,LONG,34.973,YES,NO,NONE,NO_BREAKOUT,,,
2025.01.02,2025.01.02 06:00:00,2633.96,2634.20,2631.10,34.973,2627.58,2602.59,2621.54,2571.743,LONG,34.973,YES,NO,NONE,NO_BREAKOUT,,,
2025.01.02,2025.01.02 07:00:00,2634.03,2636.50,2633.06,34.973,2627.58,2602.59,2621.54,2571.746,LONG,34.973,YES,NO,NONE,NO_BREAKOUT,,,
2025.01.02,2025.01.02 08:00:00,2634.06,2635.43,2631.15,34.973,2627.58,2602.59,2621.54,2571.754,LONG,34.973,YES,NO,NONE,NO_BREAKOUT,,,
2025.01.02,2025.01.02 09:00:00,2635.97,2636.00,2632.96,34.973,2627.58,2602.59,2621.54,2571.910,LONG,34.973,YES,NO,NONE,NO_BREAKOUT,,,
2025.01.02,2025.01.02 10:00:00,2636.37,2637.84,2631.22,34.973,2627.58,2602.59,2621.54,2571.924,LONG,34.973,YES,NO,NONE,NO_BREAKOUT,,,
2025.01.02,2025.01.02 11:00:00,2636.09,2639.97,2636.03,34.973,2627.58,2602.59,2621.54,2571.898,LONG,34.973,YES,NO,NONE,NO_BREAKOUT,,,
2025.01.02,2025.01.02 12:00:00,2642.74,2646.37,2632.76,34.973,2627.58,2602.59,2621.54,2572.391,LONG,34.973,YES,NO,NONE,NO_BREAKOUT,,,
2025.01.02,2025.01.02 13:00:00,2642.01,2644.69,2640.33,34.973,2627.58,2602.59,2621.54,2572.336,LONG,34.973,YES,NO,NONE,NO_BREAKOUT,,,
2025.01.02,2025.01.02 14:00:00,2643.39,2646.45,2640.39,34.973,2627.58,2602.59,2621.54,2572.436,LONG,34.973,YES,NO,NONE,NO_BREAKOUT,,,
2025.01.02,2025.01.02 15:00:00,2642.99,2647.38,2636.02,34.973,2627.58,2602.59,2621.54,2572.411,LONG,34.973,YES,NO,NONE,NO_BREAKOUT,,,
2025.01.02,2025.01.02 16:00:00,2647.73,2651.06,2640.37,34.973,2627.58,2602.59,2621.54,2572.738,LONG,34.973,YES,NO,NONE,NO_BREAKOUT,,,
2025.01.02,2025.01.02 17:00:00,2654.10,2655.78,2645.20,34.973,2627.58,2602.59,2621.54,2573.218,LONG,34.973,YES,NO,NONE,NO_BREAKOUT,,,
2025.01.02,2025.01.02 18:00:00,2659.33,2660.45,2650.07,34.973,2627.58,2602.59,2621.54,2573.619,LONG,34.973,YES,NO,NONE,NO_BREAKOUT,,,
2025.01.02,2025.01.02 19:00:00,2656.52,2660.42,2652.61,34.973,2627.58,2602.59,2621.54,2573.413,LONG,34.973,YES,NO,NONE,NO_BREAKOUT,,,
2025.01.02,2025.01.02 20:00:00,2655.47,2658.72,2653.78,34.973,2627.58,2602.59,2621.54,2573.337,LONG,34.973,YES,NO,NONE,NO_BREAKOUT,,,
2025.01.02,2025.01.02 21:00:00,2654.73,2657.16,2653.85,34.973,2627.58,2602.59,2621.54,2573.281,LONG,34.973,YES,NO,NONE,NO_BREAKOUT,,,
2025.01.02,2025.01.02 22:00:00,2659.69,2660.46,2654.13,34.973,2627.58,2602.59,2621.54,2573.656,LONG,34.973,YES,NO,NONE,NO_BREAKOUT,,,
2025.01.02,2025.01.02 23:00:00,2657.98,2660.21,2656.46,34.456,2660.46,2621.48,2621.54,2573.547,LONG,34.456,YES,NO,NONE,NO_BREAKOUT,,,
2025.01.03,2025.01.03 01:00:00,2658.38,2659.53,2657.43,34.456,2660.46,2621.48,2621.54,2573.554,LONG,34.456,YES,NO,NONE,NO_BREAKOUT,,,
2025.01.03,2025.01.03 02:00:00,2660.75,2661.15,2658.40,34.456,2660.46,2621.48,2621.54,2573.734,LONG,34.456,YES,NO,NONE,NO_BREAKOUT,,,
2025.01.03,2025.01.03 03:00:00,2659.38,2662.34,2656.79,34.456,2660.46,2621.48,2621.54,2573.630,LONG,34.456,YES,NO,NONE,NO_BREAKOUT,,,
2025.01.03,2025.01.03 04:00:00,2662.44,2664.04,2656.24,34.456,2660.46,2621.48,2621.54,2573.850,LONG,34.456,YES,NO,NONE,NO_BREAKOUT,,,
2025.01.03,2025.01.03 05:00:00,2662.26,2665.15,2661.32,34.456,2660.46,2621.48,2621.54,2573.833,LONG,34.456,YES,NO,NONE,NO_BREAKOUT,,,
2025.01.03,2025.01.03 06:00:00,2662.90,2664.32,2661.70,34.456,2660.46,2621.48,2621.54,2573.883,LONG,34.456,YES,NO,NONE,NO_BREAKOUT,,,
2025.01.03,2025.01.03 07:00:00,2658.56,2662.90,2655.96,34.456,2660.46,2621.48,2621.54,2573.564,LONG,34.456,YES,NO,NONE,NO_BREAKOUT,,,
2025.01.03,2025.01.03 08:00:00,2659.56,2660.28,2656.73,34.456,2660.46,2621.48,2621.54,2573.626,LONG,34.456,YES,NO,NONE,NO_BREAKOUT,,,
2025.01.03,2025.01.03 09:00:00,2654.17,2659.44,2651.99,34.456,2660.46,2621.48,2621.54,2573.232,LONG,34.456,YES,NO,NONE,NO_BREAKOUT,,,
2025.01.03,2025.01.03 10:00:00,2652.96,2655.77,2649.91,34.456,2660.46,2621.48,2621.54,2573.147,LONG,34.456,YES,NO,NONE,NO_BREAKOUT,,,
2025.01.03,2025.01.03 11:00:00,2653.61,2655.95,2652.84,34.456,2660.46,2621.48,2621.54,2573.196,LONG,34.456,YES,NO,NONE,NO_BREAKOUT,,,
2025.01.03,2025.01.03 12:00:00,2657.64,2657.94,2653.09,34.456,2660.46,2621.48,2621.54,2573.493,LONG,34.456,YES,NO,NONE,NO_BREAKOUT,,,
2025.01.03,2025.01.03 13:00:00,2657.62,2659.24,2656.34,34.456,2660.46,2621.48,2621.54,2573.493,LONG,34.456,YES,NO,NONE,NO_BREAKOUT,,,
2025.01.03,2025.01.03 14:00:00,2655.31,2658.32,2654.81,34.456,2660.46,2621.48,2621.54,2573.321,LONG,34.456,YES,NO,NONE,NO_BREAKOUT,,,
2025.01.03,2025.01.03 15:00:00,2649.82,2656.36,2643.48,34.456,2660.46,2621.48,2621.54,2572.913,LONG,34.456,YES,NO,NONE,NO_BREAKOUT,,,
2025.01.03,2025.01.03 16:00:00,2647.11,2652.67,2645.12,34.456,2660.46,2621.48,2621.54,2572.575,LONG,34.456,YES,NO,NONE,NO_BREAKOUT,,,
2025.01.03,2025.01.03 17:00:00,2643.84,2648.29,2641.03,34.456,2660.46,2621.48,2621.54,2572.470,LONG,34.456,YES,NO,NONE,NO_BREAKOUT,,,
2025.01.03,2025.01.03 18:00:00,2639.95,2647.27,2639.04,34.456,2660.46,2621.48,2621.54,2572.183,LONG,34.456,YES,NO,NONE,NO_BREAKOUT,,,
2025.01.03,2025.01.03 19:00:00,2641.85,2642.59,2639.04,34.456,2660.46,2621.48,2621.54,2572.325,LONG,34.456,YES,NO,NONE,NO_BREAKOUT,,,
2025.01.03,2025.01.03 20:00:00,2641.89,2642.36,2639.73,34.456,2660.46,2621.48,2621.54,2572.331,LONG,34.456,YES,NO,NONE,NO_BREAKOUT,,,
2025.01.03,2025.01.03 21:00:00,2639.56,2642.99,2639.13,34.456,2660.46,2621.48,2621.54,2572.144,LONG,34.456,YES,NO,NONE,NO_BREAKOUT,,,
2025.01.03,2025.01.03 22:00:00,2638.19,2640.11,2636.89,34.456,2660.46,2621.48,2621.54,2572.044,LONG,34.456,YES,NO,NONE,NO_BREAKOUT,,,
2025.01.03,2025.01.03 23:00:00,2639.98,2640.77,2636.51,32.850,2665.15,2636.51,2639.98,2577.317,LONG,32.850,YES,NO,NONE,NO_BREAKOUT,,,
2025.01.06,2025.01.06 01:00:00,2641.01,2642.32,2639.04,32.850,2665.15,2636.51,2639.98,2577.288,LONG,32.850,YES,NO,NONE,NO_BREAKOUT,,,
2025.01.06,2025.01.06 02:00:00,2643.24,2643.34,2638.65,32.850,2665.15,2636.51,2639.98,2577.452,LONG,32.850,YES,NO,NONE,NO_BREAKOUT,,,
2025.01.06,2025.01.06 03:00:00,2641.30,2647.41,2640.75,32.850,2665.15,2636.51,2639.98,2577.302,LONG,32.850,YES,NO,NONE,NO_BREAKOUT,,,
2025.01.06,2025.01.06 04:00:00,2644.51,2645.29,2639.73,32.850,2665.15,2636.51,2639.98,2577.543,LONG,32.850,YES,NO,NONE,NO_BREAKOUT,,,
2025.01.06,2025.01.06 05:00:00,2640.24,2645.33,2639.21,32.850,2665.15,2636.51,2639.98,2577.226,LONG,32.850,YES,NO,NONE,NO_BREAKOUT,,,
2025.01.06,2025.01.06 06:00:00,2635.47,2640.81,2633.99,32.850,2665.15,2636.51,2639.98,2576.870,LONG,32.850,YES,NO,NONE,NO_BREAKOUT,,,
2025.01.06,2025.01.06 07:00:00,2633.91,2636.20,2631.70,32.850,2665.15,2636.51,2639.98,2576.759,LONG,32.850,YES,NO,NONE,NO_BREAKOUT,,,
2025.01.06,2025.01.06 08:00:00,2631.52,2635.36,2630.25,32.850,2665.15,2636.51,2639.98,2576.579,LONG,32.850,YES,NO,NONE,NO_BREAKOUT,,,
2025.01.06,2025.01.06 09:00:00,2626.90,2633.67,2625.18,32.850,2665.15,2636.51,2639.98,2576.221,LONG,32.850,YES,NO,NONE,NO_BREAKOUT,,,
2025.01.06,2025.01.06 10:00:00,2631.52,2632.55,2625.83,32.850,2665.15,2636.51,2639.98,2576.573,LONG,32.850,YES,NO,NONE,NO_BREAKOUT,,,
2025.01.06,2025.01.06 11:00:00,2632.72,2635.74,2631.20,32.850,2665.15,2636.51,2639.98,2576.670,LONG,32.850,YES,NO,NONE,NO_BREAKOUT,,,
2025.01.06,2025.01.06 12:00:00,2633.79,2635.07,2630.95,32.850,2665.15,2636.51,2639.98,2576.751,LONG,32.850,YES,NO,NONE,NO_BREAKOUT,,,
2025.01.06,2025.01.06 13:00:00,2645.62,2649.45,2632.58,32.850,2665.15,2636.51,2639.98,2577.628,LONG,32.850,YES,NO,NONE,NO_BREAKOUT,,,
2025.01.06,2025.01.06 14:00:00,2645.43,2647.76,2642.05,32.850,2665.15,2636.51,2639.98,2577.598,LONG,32.850,YES,NO,NONE,NO_BREAKOUT,,,
2025.01.06,2025.01.06 15:00:00,2624.12,2648.89,2621.89,32.850,2665.15,2636.51,2639.98,2576.048,LONG,32.850,YES,NO,NONE,NO_BREAKOUT,,,
2025.01.06,2025.01.06 16:00:00,2631.51,2634.82,2614.45,32.850,2665.15,2636.51,2639.98,2576.582,LONG,32.850,YES,NO,NONE,NO_BREAKOUT,,,
2025.01.06,2025.01.06 17:00:00,2634.40,2639.60,2629.49,32.850,2665.15,2636.51,2639.98,2576.805,LONG,32.850,YES,NO,NONE,NO_BREAKOUT,,,
2025.01.06,2025.01.06 18:00:00,2640.86,2641.28,2632.55,32.850,2665.15,2636.51,2639.98,2577.276,LONG,32.850,YES,NO,NONE,NO_BREAKOUT,,,
2025.01.06,2025.01.06 19:00:00,2636.73,2641.09,2634.22,32.850,2665.15,2636.51,2639.98,2576.969,LONG,32.850,YES,NO,NONE,NO_BREAKOUT,,,
2025.01.06,2025.01.06 20:00:00,2634.62,2638.58,2633.80,32.850,2665.15,2636.51,2639.98,2576.811,LONG,32.850,YES,NO,NONE,NO_BREAKOUT,,,
2025.01.06,2025.01.06 21:00:00,2634.36,2635.57,2632.66,32.850,2665.15,2636.51,2639.98,2576.794,LONG,32.850,YES,NO,NONE,NO_BREAKOUT,,,
2025.01.06,2025.01.06 22:00:00,2634.63,2635.48,2633.24,32.850,2665.15,2636.51,2639.98,2576.822,LONG,32.850,YES,NO,NONE,NO_BREAKOUT,,,
2025.01.06,2025.01.06 23:00:00,2635.77,2637.11,2634.65,31.986,2649.45,2614.45,2639.98,2576.920,LONG,31.986,YES,NO,NONE,NO_BREAKOUT,,,
2025.01.07,2025.01.07 01:00:00,2634.70,2636.24,2633.58,31.986,2649.45,2614.45,2639.98,2576.817,LONG,31.986,YES,NO,NONE,NO_BREAKOUT,,,
2025.01.07,2025.01.07 02:00:00,2635.05,2635.22,2632.98,31.986,2649.45,2614.45,2639.98,2576.842,LONG,31.986,YES,NO,NONE,NO_BREAKOUT,,,
2025.01.07,2025.01.07 03:00:00,2639.05,2641.18,2634.93,31.986,2649.45,2614.45,2639.98,2577.139,LONG,31.986,YES,NO,NONE,NO_BREAKOUT,,,
2025.01.07,2025.01.07 04:00:00,2639.31,2640.07,2639.00,31.986,2649.45,2614.45,2639.98,2577.057,LONG,31.986,YES,NO,NONE,NO_BREAKOUT,,,
2025.01.07,2025.01.07 07:00:00,2644.45,2645.71,2637.88,31.986,2649.45,2614.45,2639.98,2577.539,LONG,31.986,YES,NO,NONE,NO_BREAKOUT,,,
2025.01.07,2025.01.07 08:00:00,2640.23,2646.78,2639.89,31.986,2649.45,2614.45,2639.98,2577.225,LONG,31.986,YES,NO,NONE,NO_BREAKOUT,,,
2025.01.07,2025.01.07 09:00:00,2640.49,2642.21,2638.04,31.986,2649.45,2614.45,2639.98,2577.242,LONG,31.986,YES,NO,NONE,NO_BREAKOUT,,,
2025.01.07,2025.01.07 10:00:00,2642.47,2644.77,2640.10,31.986,2649.45,2614.45,2639.98,2577.328,LONG,31.986,YES,NO,NONE,NO_BREAKOUT,,,
2025.01.07,2025.01.07 11:00:00,2641.30,2642.20,2641.14,31.986,2649.45,2614.45,2639.98,2577.308,LONG,31.986,YES,NO,NONE,NO_BREAKOUT,,,
2025.01.07,2025.01.07 12:00:00,2643.86,2644.78,2641.32,31.986,2649.45,2614.45,2639.98,2577.503,LONG,31.986,YES,NO,NONE,NO_BREAKOUT,,,
2025.01.07,2025.01.07 13:00:00,2648.46,2648.72,2642.02,31.986,2649.45,2614.45,2639.98,2577.839,LONG,31.986,YES,NO,NONE,NO_BREAKOUT,,,
2025.01.07,2025.01.07 14:00:00,2651.58,2652.68,2647.41,31.986,2649.45,2614.45,2639.98,2578.053,LONG,31.986,YES,NO,NONE,NO_BREAKOUT,,,
2025.01.07,2025.01.07 15:00:00,2662.45,2664.33,2650.01,31.986,2649.45,2614.45,2639.98,2578.879,LONG,31.986,YES,NO,NONE,NO_BREAKOUT,,,
2025.01.07,2025.01.07 16:00:00,2658.04,2663.02,2655.82,31.986,2649.45,2614.45,2639.98,2578.217,LONG,31.986,YES,NO,NONE,NO_BREAKOUT,,,
2025.01.07,2025.01.07 17:00:00,2647.75,2654.54,2642.22,31.986,2649.45,2614.45,2639.98,2577.777,LONG,31.986,YES,NO,NONE,NO_BREAKOUT,,,
2025.01.07,2025.01.07 18:00:00,2651.68,2655.57,2646.55,31.986,2649.45,2614.45,2639.98,2578.079,LONG,31.986,YES,NO,NONE,NO_BREAKOUT,,,
2025.01.07,2025.01.07 19:00:00,2652.32,2655.96,2650.18,31.986,2649.45,2614.45,2639.98,2578.127,LONG,31.986,YES,NO,NONE,NO_BREAKOUT,,,
2025.01.07,2025.01.07 20:00:00,2649.04,2652.42,2647.26,31.986,2649.45,2614.45,2639.98,2577.884,LONG,31.986,YES,NO,NONE,NO_BREAKOUT,,,
2025.01.07,2025.01.07 21:00:00,2649.38,2650.34,2646.95,31.986,2649.45,2614.45,2639.98,2577.893,LONG,31.986,YES,NO,NONE,NO_BREAKOUT,,,
2025.01.07,2025.01.07 22:00:00,2650.25,2651.45,2647.17,31.986,2649.45,2614.45,2639.98,2577.942,LONG,31.986,YES,NO,NONE,NO_BREAKOUT,,,
2025.01.07,2025.01.07 23:00:00,2648.42,2650.39,2647.46,32.746,2664.33,2632.98,2639.98,2577.836,LONG,32.746,YES,NO,NONE,NO_BREAKOUT,,,
2025.01.08,2025.01.08 01:00:00,2649.79,2650.18,2647.49,32.746,2664.33,2632.98,2639.98,2577.928,LONG,32.746,YES,NO,NONE,NO_BREAKOUT,,,
2025.01.08,2025.01.08 02:00:00,2650.54,2651.52,2648.72,32.746,2664.33,2632.98,2639.98,2577.992,LONG,32.746,YES,NO,NONE,NO_BREAKOUT,,,
2025.01.08,2025.01.08 03:00:00,2648.74,2650.77,2647.16,32.746,2664.33,2632.98,2639.98,2577.865,LONG,32.746,YES,NO,NONE,NO_BREAKOUT,,,
2025.01.08,2025.01.08 04:00:00,2648.95,2650.43,2645.92,32.746,2664.33,2632.98,2639.98,2577.859,LONG,32.746,YES,NO,NONE,NO_BREAKOUT,,,
2025.01.08,2025.01.08 05:00:00,2646.81,2648.90,2645.54,32.746,2664.33,2632.98,2639.98,2577.707,LONG,32.746,YES,NO,NONE,NO_BREAKOUT,,,
2025.01.08,2025.01.08 06:00:00,2647.00,2648.67,2645.25,32.746,2664.33,2632.98,2639.98,2577.730,LONG,32.746,YES,NO,NONE,NO_BREAKOUT,,,
2025.01.08,2025.01.08 07:00:00,2650.09,2650.74,2646.70,32.746,2664.33,2632.98,2639.98,2577.955,LONG,32.746,YES,NO,NONE,NO_BREAKOUT,,,
2025.01.08,2025.01.08 08:00:00,2652.04,2653.00,2648.93,32.746,2664.33,2632.98,2639.98,2578.100,LONG,32.746,YES,NO,NONE,NO_BREAKOUT,,,
2025.01.08,2025.01.08 09:00:00,2652.63,2654.41,2651.60,32.746,2664.33,2632.98,2639.98,2578.131,LONG,32.746,YES,NO,NONE,NO_BREAKOUT,,,
2025.01.08,2025.01.08 10:00:00,2651.96,2653.81,2649.60,32.746,2664.33,2632.98,2639.98,2578.094,LONG,32.746,YES,NO,NONE,NO_BREAKOUT,,,
2025.01.08,2025.01.08 11:00:00,2653.47,2654.98,2651.82,32.746,2664.33,2632.98,2639.98,2578.209,LONG,32.746,YES,NO,NONE,NO_BREAKOUT,,,
2025.01.08,2025.01.08 12:00:00,2653.15,2655.13,2652.70,32.746,2664.33,2632.98,2639.98,2578.185,LONG,32.746,YES,NO,NONE,NO_BREAKOUT,,,
2025.01.08,2025.01.08 13:00:00,2650.62,2653.16,2647.55,32.746,2664.33,2632.98,2639.98,2578.006,LONG,32.746,YES,NO,NONE,NO_BREAKOUT,,,
2025.01.08,2025.01.08 14:00:00,2651.92,2652.48,2645.87,32.746,2664.33,2632.98,2639.98,2578.100,LONG,32.746,YES,NO,NONE,NO_BREAKOUT,,,
2025.01.08,2025.01.08 15:00:00,2660.23,2660.23,2651.72,32.746,2664.33,2632.98,2639.98,2578.706,LONG,32.746,YES,NO,NONE,NO_BREAKOUT,,,
2025.01.08,2025.01.08 16:00:00,2661.35,2667.59,2660.10,32.746,2664.33,2632.98,2639.98,2578.775,LONG,32.746,YES,NO,NONE,NO_BREAKOUT,,,
2025.01.08,2025.01.08 17:00:00,2665.90,2667.77,2659.33,32.746,2664.33,2632.98,2639.98,2579.128,LONG,32.746,YES,NO,NONE,NO_BREAKOUT,,,
2025.01.08,2025.01.08 18:00:00,2669.61,2670.00,2662.66,32.746,2664.33,2632.98,2639.98,2579.404,LONG,32.746,YES,NO,NONE,NO_BREAKOUT,,,
2025.01.08,2025.01.08 19:00:00,2655.55,2669.83,2649.52,32.746,2664.33,2632.98,2639.98,2578.359,LONG,32.746,YES,NO,NONE,NO_BREAKOUT,,,
2025.01.08,2025.01.08 20:00:00,2652.70,2659.02,2651.52,32.746,2664.33,2632.98,2639.98,2578.159,LONG,32.746,YES,NO,NONE,NO_BREAKOUT,,,
2025.01.08,2025.01.08 21:00:00,2658.30,2660.58,2652.21,32.746,2664.33,2632.98,2639.98,2578.574,LONG,32.746,YES,NO,NONE,NO_BREAKOUT,,,
2025.01.08,2025.01.08 22:00:00,2663.40,2664.06,2658.13,32.746,2664.33,2632.98,2639.98,2578.951,LONG,32.746,YES,NO,NONE,NO_BREAKOUT,,,
2025.01.08,2025.01.08 23:00:00,2661.44,2664.03,2660.78,32.690,2670.00,2645.25,2639.98,2578.788,LONG,32.690,YES,NO,NONE,NO_BREAKOUT,,,
2025.01.09,2025.01.09 01:00:00,2662.58,2663.24,2661.20,32.690,2670.00,2645.25,2639.98,2578.883,LONG,32.690,YES,NO,NONE,NO_BREAKOUT,,,
2025.01.09,2025.01.09 02:00:00,2659.96,2662.84,2659.41,32.690,2670.00,2645.25,2639.98,2578.677,LONG,32.690,YES,NO,NONE,NO_BREAKOUT,,,
2025.01.09,2025.01.09 03:00:00,2658.61,2661.33,2657.23,32.690,2670.00,2645.25,2639.98,2578.581,LONG,32.690,YES,NO,NONE,NO_BREAKOUT,,,
2025.01.09,2025.01.09 04:00:00,2658.72,2660.19,2656.19,32.690,2670.00,2645.25,2639.98,2578.601,LONG,32.690,YES,NO,NONE,NO_BREAKOUT,,,
2025.01.09,2025.01.09 05:00:00,2659.39,2662.19,2658.45,32.690,2670.00,2645.25,2639.98,2578.641,LONG,32.690,YES,NO,NONE,NO_BREAKOUT,,,
2025.01.09,2025.01.09 06:00:00,2658.93,2659.77,2655.51,32.690,2670.00,2645.25,2639.98,2578.601,LONG,32.690,YES,NO,NONE,NO_BREAKOUT,,,
2025.01.09,2025.01.09 07:00:00,2658.27,2660.90,2657.64,32.690,2670.00,2645.25,2639.98,2578.564,LONG,32.690,YES,NO,NONE,NO_BREAKOUT,,,
2025.01.09,2025.01.09 08:00:00,2666.74,2666.96,2658.27,32.690,2670.00,2645.25,2639.98,2579.190,LONG,32.690,YES,NO,NONE,NO_BREAKOUT,,,
2025.01.09,2025.01.09 09:00:00,2662.47,2666.74,2662.39,32.690,2670.00,2645.25,2639.98,2578.862,LONG,32.690,YES,NO,NONE,NO_BREAKOUT,,,
2025.01.09,2025.01.09 10:00:00,2664.30,2666.91,2660.46,32.690,2670.00,2645.25,2639.98,2579.014,LONG,32.690,YES,NO,NONE,NO_BREAKOUT,,,
2025.01.09,2025.01.09 11:00:00,2664.89,2666.37,2662.28,32.690,2670.00,2645.25,2639.98,2579.053,LONG,32.690,YES,NO,NONE,NO_BREAKOUT,,,
2025.01.09,2025.01.09 12:00:00,2667.51,2668.59,2664.38,32.690,2670.00,2645.25,2639.98,2579.247,LONG,32.690,YES,NO,NONE,NO_BREAKOUT,,,
2025.01.09,2025.01.09 13:00:00,2670.12,2673.22,2665.24,32.690,2670.00,2645.25,2639.98,2579.437,LONG,32.690,YES,NO,NONE,NO_BREAKOUT,,,
2025.01.09,2025.01.09 14:00:00,2674.04,2675.20,2669.28,32.690,2670.00,2645.25,2639.98,2579.731,LONG,32.690,YES,NO,NONE,NO_BREAKOUT,,,
2025.01.09,2025.01.09 15:00:00,2672.64,2678.23,2671.95,32.690,2670.00,2645.25,2639.98,2579.621,LONG,32.690,YES,NO,NONE,NO_BREAKOUT,,,
2025.01.09,2025.01.09 16:00:00,2672.46,2675.62,2666.98,32.690,2670.00,2645.25,2639.98,2579.614,LONG,32.690,YES,NO,NONE,NO_BREAKOUT,,,
2025.01.09,2025.01.09 17:00:00,2668.32,2675.37,2668.12,32.690,2670.00,2645.25,2639.98,2579.307,LONG,32.690,YES,NO,NONE,NO_BREAKOUT,,,
2025.01.09,2025.01.09 18:00:00,2667.52,2670.96,2665.98,32.690,2670.00,2645.25,2639.98,2579.248,LONG,32.690,YES,NO,NONE,NO_BREAKOUT,,,
2025.01.09,2025.01.09 19:00:00,2665.94,2668.65,2662.65,32.690,2670.00,2645.25,2639.98,2579.128,LONG,32.690,YES,NO,NONE,NO_BREAKOUT,,,
2025.01.09,2025.01.09 20:00:00,2671.34,2672.42,2664.93,32.690,2670.00,2645.25,2639.98,2579.538,LONG,32.690,YES,NO,NONE,NO_BREAKOUT,,,
2025.01.09,2025.01.09 21:00:00,2669.99,2671.66,2668.57,32.690,2670.00,2645.25,2639.98,2579.440,LONG,32.690,YES,NO,NONE,NO_BREAKOUT,,,
2025.01.09,2025.01.09 22:00:00,2669.38,2670.76,2669.13,32.690,2670.00,2645.25,2639.98,2579.385,LONG,32.690,YES,NO,NONE,NO_BREAKOUT,,,
2025.01.09,2025.01.09 23:00:00,2670.34,2671.14,2668.24,29.450,2678.23,2655.51,2639.98,2579.457,LONG,29.450,YES,NO,NONE,NO_BREAKOUT,,,
2025.01.10,2025.01.10 01:00:00,2669.80,2671.27,2668.44,29.450,2678.23,2655.51,2639.98,2579.417,LONG,29.450,YES,NO,NONE,NO_BREAKOUT,,,
2025.01.10,2025.01.10 02:00:00,2670.41,2670.95,2668.98,29.450,2678.23,2655.51,2639.98,2579.470,LONG,29.450,YES,NO,NONE,NO_BREAKOUT,,,
2025.01.10,2025.01.10 03:00:00,2670.96,2671.78,2669.16,29.450,2678.23,2655.51,2639.98,2579.503,LONG,29.450,YES,NO,NONE,NO_BREAKOUT,,,
2025.01.10,2025.01.10 04:00:00,2673.52,2674.71,2670.18,29.450,2678.23,2655.51,2639.98,2579.694,LONG,29.450,YES,NO,NONE,NO_BREAKOUT,,,
2025.01.10,2025.01.10 05:00:00,2673.64,2674.75,2672.54,29.450,2678.23,2655.51,2639.98,2579.703,LONG,29.450,YES,NO,NONE,NO_BREAKOUT,,,
2025.01.10,2025.01.10 06:00:00,2671.87,2674.13,2671.83,29.450,2678.23,2655.51,2639.98,2579.559,LONG,29.450,YES,NO,NONE,NO_BREAKOUT,,,
2025.01.10,2025.01.10 07:00:00,2674.86,2675.86,2671.57,29.450,2678.23,2655.51,2639.98,2579.790,LONG,29.450,YES,NO,NONE,NO_BREAKOUT,,,
2025.01.10,2025.01.10 08:00:00,2678.11,2678.49,2674.22,29.450,2678.23,2655.51,2639.98,2580.031,LONG,29.450,YES,NO,NONE,NO_BREAKOUT,,,
2025.01.10,2025.01.10 09:00:00,2676.16,2678.68,2673.38,29.450,2678.23,2655.51,2639.98,2579.888,LONG,29.450,YES,NO,NONE,NO_BREAKOUT,,,
2025.01.10,2025.01.10 10:00:00,2680.19,2680.56,2675.63,29.450,2678.23,2655.51,2639.98,2580.182,LONG,29.450,YES,NO,NONE,NO_BREAKOUT,,,
2025.01.10,2025.01.10 11:00:00,2678.38,2682.43,2677.73,29.450,2678.23,2655.51,2639.98,2580.051,LONG,29.450,YES,NO,NONE,NO_BREAKOUT,,,
2025.01.10,2025.01.10 12:00:00,2681.00,2682.70,2677.75,29.450,2678.23,2655.51,2639.98,2580.250,LONG,29.450,YES,NO,NONE,NO_BREAKOUT,,,
2025.01.10,2025.01.10 13:00:00,2681.38,2683.08,2680.25,29.450,2678.23,2655.51,2639.98,2580.270,LONG,29.450,YES,NO,NONE,NO_BREAKOUT,,,
2025.01.10,2025.01.10 14:00:00,2678.22,2681.38,2674.87,29.450,2678.23,2655.51,2639.98,2580.039,LONG,29.450,YES,NO,NONE,NO_BREAKOUT,,,
2025.01.10,2025.01.10 15:00:00,2682.48,2683.45,2663.96,29.450,2678.23,2655.51,2639.98,2580.351,LONG,29.450,YES,NO,NONE,NO_BREAKOUT,,,
2025.01.10,2025.01.10 16:00:00,2688.19,2693.32,2680.72,29.450,2678.23,2655.51,2639.98,2580.617,LONG,29.450,YES,NO,NONE,NO_BREAKOUT,,,
2025.01.10,2025.01.10 17:00:00,2692.59,2698.01,2682.56,29.450,2678.23,2655.51,2639.98,2581.139,LONG,29.450,YES,NO,NONE,NO_BREAKOUT,,,
2025.01.10,2025.01.10 18:00:00,2696.30,2697.07,2686.95,29.450,2678.23,2655.51,2639.98,2581.406,LONG,29.450,YES,NO,NONE,NO_BREAKOUT,,,
2025.01.10,2025.01.10 19:00:00,2696.11,2698.01,2692.40,29.450,2678.23,2655.51,2639.98,2581.364,LONG,29.450,YES,NO,NONE,NO_BREAKOUT,,,
2025.01.10,2025.01.10 20:00:00,2687.25,2697.25,2685.07,29.450,2678.23,2655.51,2639.98,2580.715,LONG,29.450,YES,NO,NONE,NO_BREAKOUT,,,
2025.01.10,2025.01.10 21:00:00,2685.76,2687.75,2684.61,29.450,2678.23,2655.51,2639.98,2580.597,LONG,29.450,YES,NO,NONE,NO_BREAKOUT,,,
2025.01.10,2025.01.10 22:00:00,2690.64,2690.90,2684.52,29.450,2678.23,2655.51,2639.98,2580.905,LONG,29.450,YES,NO,NONE,NO_BREAKOUT,,,
2025.01.10,2025.01.10 23:00:00,2688.96,2693.33,2688.76,28.775,2698.01,2663.96,2688.96,2588.937,LONG,28.775,YES,NO,NONE,NO_BREAKOUT,,,
2025.01.13,2025.01.13 01:00:00,2691.15,2692.15,2686.17,28.775,2698.01,2663.96,2688.96,2589.009,LONG,28.775,YES,NO,NONE,NO_BREAKOUT,,,
2025.01.13,2025.01.13 02:00:00,2689.71,2693.27,2688.04,28.775,2698.01,2663.96,2688.96,2588.910,LONG,28.775,YES,NO,NONE,NO_BREAKOUT,,,
2025.01.13,2025.01.13 03:00:00,2685.66,2690.01,2679.46,28.775,2698.01,2663.96,2688.96,2588.607,LONG,28.775,YES,NO,NONE,NO_BREAKOUT,,,
2025.01.13,2025.01.13 04:00:00,2688.59,2690.60,2684.91,28.775,2698.01,2663.96,2688.96,2588.826,LONG,28.775,YES,NO,NONE,NO_BREAKOUT,,,
2025.01.13,2025.01.13 05:00:00,2688.09,2688.72,2685.39,28.775,2698.01,2663.96,2688.96,2588.780,LONG,28.775,YES,NO,NONE,NO_BREAKOUT,,,
2025.01.13,2025.01.13 06:00:00,2685.98,2690.93,2684.26,28.775,2698.01,2663.96,2688.96,2588.623,LONG,28.775,YES,NO,NONE,NO_BREAKOUT,,,
2025.01.13,2025.01.13 07:00:00,2687.06,2687.06,2683.34,28.775,2698.01,2663.96,2688.96,2588.700,LONG,28.775,YES,NO,NONE,NO_BREAKOUT,,,
2025.01.13,2025.01.13 08:00:00,2689.89,2691.40,2686.91,28.775,2698.01,2663.96,2688.96,2588.880,LONG,28.775,YES,NO,NONE,NO_BREAKOUT,,,
2025.01.13,2025.01.13 09:00:00,2685.25,2690.50,2684.48,28.775,2698.01,2663.96,2688.96,2588.549,LONG,28.775,YES,NO,NONE,NO_BREAKOUT,,,
2025.01.13,2025.01.13 10:00:00,2687.17,2689.71,2684.02,28.775,2698.01,2663.96,2688.96,2588.706,LONG,28.775,YES,NO,NONE,NO_BREAKOUT,,,
2025.01.13,2025.01.13 11:00:00,2684.87,2688.34,2682.94,28.775,2698.01,2663.96,2688.96,2588.533,LONG,28.775,YES,NO,NONE,NO_BREAKOUT,,,
2025.01.13,2025.01.13 12:00:00,2679.62,2685.15,2677.39,28.775,2698.01,2663.96,2688.96,2588.138,LONG,28.775,YES,NO,NONE,NO_BREAKOUT,,,
2025.01.13,2025.01.13 13:00:00,2675.98,2680.58,2675.54,28.775,2698.01,2663.96,2688.96,2587.869,LONG,28.775,YES,NO,NONE,NO_BREAKOUT,,,
2025.01.13,2025.01.13 14:00:00,2671.31,2677.14,2664.59,28.775,2698.01,2663.96,2688.96,2587.522,LONG,28.775,YES,NO,NONE,NO_BREAKOUT,,,
2025.01.13,2025.01.13 15:00:00,2669.13,2672.38,2663.87,28.775,2698.01,2663.96,2688.96,2587.372,LONG,28.775,YES,NO,NONE,NO_BREAKOUT,,,
2025.01.13,2025.01.13 16:00:00,2671.72,2674.19,2664.13,28.775,2698.01,2663.96,2688.96,2587.565,LONG,28.775,YES,NO,NONE,NO_BREAKOUT,,,
2025.01.13,2025.01.13 17:00:00,2661.83,2673.01,2661.14,28.775,2698.01,2663.96,2688.96,2586.832,LONG,28.775,YES,NO,NONE,NO_BREAKOUT,,,
2025.01.13,2025.01.13 18:00:00,2661.27,2668.03,2660.69,28.775,2698.01,2663.96,2688.96,2586.812,LONG,28.775,YES,NO,NONE,NO_BREAKOUT,,,
2025.01.13,2025.01.13 19:00:00,2660.87,2664.11,2659.25,28.775,2698.01,2663.96,2688.96,2586.771,LONG,28.775,YES,NO,NONE,NO_BREAKOUT,,,
2025.01.13,2025.01.13 20:00:00,2659.35,2662.52,2657.57,28.775,2698.01,2663.96,2688.96,2586.652,LONG,28.775,YES,NO,NONE,NO_BREAKOUT,,,
2025.01.13,2025.01.13 21:00:00,2658.94,2660.65,2656.84,28.775,2698.01,2663.96,2688.96,2586.623,LONG,28.775,YES,NO,NONE,NO_BREAKOUT,,,
2025.01.13,2025.01.13 22:00:00,2662.16,2662.85,2658.79,28.775,2698.01,2663.96,2688.96,2586.849,LONG,28.775,YES,NO,NONE,NO_BREAKOUT,,,
2025.01.13,2025.01.13 23:00:00,2662.98,2664.18,2660.77,28.368,2693.27,2656.84,2688.96,2586.963,LONG,28.368,YES,NO,NONE,NO_BREAKOUT,,,
2025.01.14,2025.01.14 01:00:00,2667.94,2669.35,2663.15,28.368,2693.27,2656.84,2688.96,2587.300,LONG,28.368,YES,NO,NONE,NO_BREAKOUT,,,
2025.01.14,2025.01.14 02:00:00,2670.60,2671.17,2666.38,28.368,2693.27,2656.84,2688.96,2587.483,LONG,28.368,YES,NO,NONE,NO_BREAKOUT,,,
2025.01.14,2025.01.14 03:00:00,2670.73,2672.25,2667.93,28.368,2693.27,2656.84,2688.96,2587.498,LONG,28.368,YES,NO,NONE,NO_BREAKOUT,,,
2025.01.14,2025.01.14 04:00:00,2670.58,2672.24,2668.56,28.368,2693.27,2656.84,2688.96,2587.476,LONG,28.368,YES,NO,NONE,NO_BREAKOUT,,,
2025.01.14,2025.01.14 05:00:00,2669.74,2672.30,2668.88,28.368,2693.27,2656.84,2688.96,2587.420,LONG,28.368,YES,NO,NONE,NO_BREAKOUT,,,
2025.01.14,2025.01.14 06:00:00,2673.57,2674.10,2668.38,28.368,2693.27,2656.84,2688.96,2587.717,LONG,28.368,YES,NO,NONE,NO_BREAKOUT,,,
2025.01.14,2025.01.14 07:00:00,2668.51,2675.36,2667.40,28.368,2693.27,2656.84,2688.96,2587.345,LONG,28.368,YES,NO,NONE,NO_BREAKOUT,,,
2025.01.14,2025.01.14 08:00:00,2669.04,2669.71,2667.33,28.368,2693.27,2656.84,2688.96,2587.369,LONG,28.368,YES,NO,NONE,NO_BREAKOUT,,,
2025.01.14,2025.01.14 09:00:00,2669.21,2670.86,2667.11,28.368,2693.27,2656.84,2688.96,2587.400,LONG,28.368,YES,NO,NONE,NO_BREAKOUT,,,
2025.01.14,2025.01.14 10:00:00,2671.10,2674.13,2667.25,28.368,2693.27,2656.84,2688.96,2587.520,LONG,28.368,YES,NO,NONE,NO_BREAKOUT,,,
2025.01.14,2025.01.14 11:00:00,2667.28,2671.69,2664.81,28.368,2693.27,2656.84,2688.96,2587.240,LONG,28.368,YES,NO,NONE,NO_BREAKOUT,,,
2025.01.14,2025.01.14 12:00:00,2666.68,2668.90,2664.75,28.368,2693.27,2656.84,2688.96,2587.207,LONG,28.368,YES,NO,NONE,NO_BREAKOUT,,,
2025.01.14,2025.01.14 13:00:00,2669.32,2669.87,2664.44,28.368,2693.27,2656.84,2688.96,2587.388,LONG,28.368,YES,NO,NONE,NO_BREAKOUT,,,
2025.01.14,2025.01.14 14:00:00,2668.33,2671.67,2666.48,28.368,2693.27,2656.84,2688.96,2587.318,LONG,28.368,YES,NO,NONE,NO_BREAKOUT,,,
2025.01.14,2025.01.14 15:00:00,2663.06,2674.35,2660.66,28.368,2693.27,2656.84,2688.96,2586.914,LONG,28.368,YES,NO,NONE,NO_BREAKOUT,,,
2025.01.14,2025.01.14 16:00:00,2665.22,2665.93,2659.86,28.368,2693.27,2656.84,2688.96,2587.092,LONG,28.368,YES,NO,NONE,NO_BREAKOUT,,,
2025.01.14,2025.01.14 17:00:00,2671.75,2672.90,2665.07,28.368,2693.27,2656.84,2688.96,2587.582,LONG,28.368,YES,NO,NONE,NO_BREAKOUT,,,
2025.01.14,2025.01.14 18:00:00,2671.73,2674.03,2669.89,28.368,2693.27,2656.84,2688.96,2587.567,LONG,28.368,YES,NO,NONE,NO_BREAKOUT,,,
2025.01.14,2025.01.14 19:00:00,2669.09,2672.00,2668.08,28.368,2693.27,2656.84,2688.96,2587.375,LONG,28.368,YES,NO,NONE,NO_BREAKOUT,,,
2025.01.14,2025.01.14 20:00:00,2672.33,2672.56,2666.77,28.368,2693.27,2656.84,2688.96,2587.620,LONG,28.368,YES,NO,NONE,NO_BREAKOUT,,,
2025.01.14,2025.01.14 21:00:00,2674.31,2676.29,2671.91,28.368,2693.27,2656.84,2688.96,2587.761,LONG,28.368,YES,NO,NONE,NO_BREAKOUT,,,
2025.01.14,2025.01.14 22:00:00,2676.58,2676.58,2671.92,28.368,2693.27,2656.84,2688.96,2587.910,LONG,28.368,YES,NO,NONE,NO_BREAKOUT,,,
2025.01.14,2025.01.14 23:00:00,2677.37,2678.38,2675.87,27.899,2678.38,2659.86,2688.96,2588.062,LONG,27.899,YES,NO,NONE,NO_BREAKOUT,,,
2025.01.15,2025.01.15 01:00:00,2675.63,2679.22,2674.12,27.899,2678.38,2659.86,2688.96,2587.857,LONG,27.899,YES,NO,NONE,NO_BREAKOUT,,,
2025.01.15,2025.01.15 02:00:00,2672.77,2676.17,2672.67,27.899,2678.38,2659.86,2688.96,2587.649,LONG,27.899,YES,NO,NONE,NO_BREAKOUT,,,
2025.01.15,2025.01.15 03:00:00,2669.92,2674.32,2669.90,27.899,2678.38,2659.86,2688.96,2587.435,LONG,27.899,YES,NO,NONE,NO_BREAKOUT,,,
2025.01.15,2025.01.15 04:00:00,2673.40,2675.06,2669.39,27.899,2678.38,2659.86,2688.96,2587.707,LONG,27.899,YES,NO,NONE,NO_BREAKOUT,,,
2025.01.15,2025.01.15 05:00:00,2676.11,2676.34,2672.35,27.899,2678.38,2659.86,2688.96,2587.888,LONG,27.899,YES,NO,NONE,NO_BREAKOUT,,,
2025.01.15,2025.01.15 06:00:00,2675.63,2676.71,2674.23,27.899,2678.38,2659.86,2688.96,2587.865,LONG,27.899,YES,NO,NONE,NO_BREAKOUT,,,
2025.01.15,2025.01.15 07:00:00,2679.38,2679.38,2674.46,27.899,2678.38,2659.86,2688.96,2588.137,LONG,27.899,YES,NO,NONE,NO_BREAKOUT,,,
2025.01.15,2025.01.15 08:00:00,2681.06,2683.28,2679.12,27.899,2678.38,2659.86,2688.96,2588.260,LONG,27.899,YES,NO,NONE,NO_BREAKOUT,,,
2025.01.15,2025.01.15 09:00:00,2681.32,2684.02,2680.09,27.899,2678.38,2659.86,2688.96,2588.283,LONG,27.899,YES,NO,NONE,NO_BREAKOUT,,,
2025.01.15,2025.01.15 10:00:00,2683.96,2685.28,2681.20,27.899,2678.38,2659.86,2688.96,2588.480,LONG,27.899,YES,NO,NONE,NO_BREAKOUT,,,
2025.01.15,2025.01.15 11:00:00,2685.95,2688.54,2682.91,27.899,2678.38,2659.86,2688.96,2588.622,LONG,27.899,YES,NO,NONE,NO_BREAKOUT,,,
2025.01.15,2025.01.15 12:00:00,2688.39,2689.06,2684.86,27.899,2678.38,2659.86,2688.96,2588.822,LONG,27.899,YES,NO,NONE,NO_BREAKOUT,,,
2025.01.15,2025.01.15 13:00:00,2686.91,2688.93,2685.24,27.899,2678.38,2659.86,2688.96,2588.687,LONG,27.899,YES,NO,NONE,NO_BREAKOUT,,,
2025.01.15,2025.01.15 14:00:00,2684.56,2687.55,2684.12,27.899,2678.38,2659.86,2688.96,2588.539,LONG,27.899,YES,NO,NONE,NO_BREAKOUT,,,
2025.01.15,2025.01.15 15:00:00,2693.81,2694.23,2682.15,27.899,2678.38,2659.86,2688.96,2589.226,LONG,27.899,YES,NO,NONE,NO_BREAKOUT,,,
2025.01.15,2025.01.15 16:00:00,2681.93,2696.04,2678.36,27.899,2678.38,2659.86,2688.96,2588.320,LONG,27.899,YES,NO,NONE,NO_BREAKOUT,,,
2025.01.15,2025.01.15 17:00:00,2678.50,2683.01,2676.79,27.899,2678.38,2659.86,2688.96,2588.081,LONG,27.899,YES,NO,NONE,NO_BREAKOUT,,,
2025.01.15,2025.01.15 18:00:00,2689.28,2690.04,2676.96,27.899,2678.38,2659.86,2688.96,2588.871,LONG,27.899,YES,NO,NONE,NO_BREAKOUT,,,
2025.01.15,2025.01.15 19:00:00,2692.64,2692.97,2688.54,27.899,2678.38,2659.86,2688.96,2589.120,LONG,27.899,YES,NO,NONE,NO_BREAKOUT,,,
2025.01.15,2025.01.15 20:00:00,2694.01,2695.14,2691.14,27.899,2678.38,2659.86,2688.96,2589.222,LONG,27.899,YES,NO,NONE,NO_BREAKOUT,,,
2025.01.15,2025.01.15 21:00:00,2694.11,2695.19,2692.62,27.899,2678.38,2659.86,2688.96,2589.230,LONG,27.899,YES,NO,NONE,NO_BREAKOUT,,,
2025.01.15,2025.01.15 22:00:00,2696.22,2696.51,2693.25,27.899,2678.38,2659.86,2688.96,2589.392,LONG,27.899,YES,NO,NONE,NO_BREAKOUT,,,
2025.01.15,2025.01.15 23:00:00,2696.28,2697.55,2694.09,29.093,2697.55,2669.39,2688.96,2589.294,LONG,29.093,YES,NO,NONE,NO_BREAKOUT,,,
2025.01.16,2025.01.16 01:00:00,2694.95,2697.31,2693.69,29.093,2697.55,2669.39,2688.96,2589.289,LONG,29.093,YES,NO,NONE,NO_BREAKOUT,,,
2025.01.16,2025.01.16 02:00:00,2695.36,2698.27,2692.55,29.093,2697.55,2669.39,2688.96,2589.320,LONG,29.093,YES,NO,NONE,NO_BREAKOUT,,,
2025.01.16,2025.01.16 03:00:00,2696.16,2702.15,2694.62,29.093,2697.55,2669.39,2688.96,2589.390,LONG,29.093,YES,NO,NONE,NO_BREAKOUT,,,
2025.01.16,2025.01.16 04:00:00,2697.52,2698.15,2695.19,29.093,2697.55,2669.39,2688.96,2589.472,LONG,29.093,YES,NO,NONE,NO_BREAKOUT,,,
2025.01.16,2025.01.16 05:00:00,2697.31,2698.59,2695.80,29.093,2697.55,2669.39,2688.96,2589.460,LONG,29.093,YES,NO,NONE,NO_BREAKOUT,,,
2025.01.16,2025.01.16 06:00:00,2697.50,2698.14,2696.82,29.093,2697.55,2669.39,2688.96,2589.479,LONG,29.093,YES,NO,NONE,NO_BREAKOUT,,,
2025.01.16,2025.01.16 07:00:00,2694.60,2697.56,2693.66,29.093,2697.55,2669.39,2688.96,2589.266,LONG,29.093,YES,NO,NONE,NO_BREAKOUT,,,
2025.01.16,2025.01.16 08:00:00,2693.86,2695.39,2690.03,29.093,2697.55,2669.39,2688.96,2589.209,LONG,29.093,YES,NO,NONE,NO_BREAKOUT,,,
2025.01.16,2025.01.16 09:00:00,2698.35,2699.91,2693.18,29.093,2697.55,2669.39,2688.96,2589.551,LONG,29.093,YES,NO,NONE,NO_BREAKOUT,,,
2025.01.16,2025.01.16 10:00:00,2698.92,2703.27,2697.14,29.093,2697.55,2669.39,2688.96,2589.593,LONG,29.093,YES,NO,NONE,NO_BREAKOUT,,,
2025.01.16,2025.01.16 11:00:00,2705.22,2706.11,2697.51,29.093,2697.55,2669.39,2688.96,2590.054,LONG,29.093,YES,NO,NONE,NO_BREAKOUT,,,
2025.01.16,2025.01.16 12:00:00,2707.79,2708.57,2704.66,29.093,2697.55,2669.39,2688.96,2590.249,LONG,29.093,YES,NO,NONE,NO_BREAKOUT,,,
2025.01.16,2025.01.16 13:00:00,2706.39,2711.04,2706.15,29.093,2697.55,2669.39,2688.96,2590.130,LONG,29.093,YES,NO,NONE,NO_BREAKOUT,,,
2025.01.16,2025.01.16 14:00:00,2703.61,2707.35,2700.27,29.093,2697.55,2669.39,2688.96,2589.931,LONG,29.093,YES,NO,NONE,NO_BREAKOUT,,,
2025.01.16,2025.01.16 15:00:00,2715.24,2718.23,2701.40,29.093,2697.55,2669.39,2688.96,2590.795,LONG,29.093,YES,NO,NONE,NO_BREAKOUT,,,
2025.01.16,2025.01.16 16:00:00,2718.70,2719.34,2712.95,29.093,2697.55,2669.39,2688.96,2591.049,LONG,29.093,YES,NO,NONE,NO_BREAKOUT,,,
2025.01.16,2025.01.16 17:00:00,2716.91,2719.74,2712.61,29.093,2697.55,2669.39,2688.96,2590.926,LONG,29.093,YES,NO,NONE,NO_BREAKOUT,,,
2025.01.16,2025.01.16 18:00:00,2720.30,2722.39,2716.78,29.093,2697.55,2669.39,2688.96,2591.175,LONG,29.093,YES,NO,NONE,NO_BREAKOUT,,,
2025.01.16,2025.01.16 19:00:00,2721.78,2724.76,2719.40,29.093,2697.55,2669.39,2688.96,2591.282,LONG,29.093,YES,NO,NONE,NO_BREAKOUT,,,
2025.01.16,2025.01.16 20:00:00,2715.22,2723.29,2714.70,29.093,2697.55,2669.39,2688.96,2590.792,LONG,29.093,YES,NO,NONE,NO_BREAKOUT,,,
2025.01.16,2025.01.16 21:00:00,2715.31,2717.13,2714.78,29.093,2697.55,2669.39,2688.96,2590.789,LONG,29.093,YES,NO,NONE,NO_BREAKOUT,,,
2025.01.16,2025.01.16 22:00:00,2715.63,2717.05,2714.36,29.093,2697.55,2669.39,2688.96,2590.820,LONG,29.093,YES,NO,NONE,NO_BREAKOUT,,,
2025.01.16,2025.01.16 23:00:00,2714.26,2715.83,2712.37,29.786,2724.76,2690.03,2688.96,2590.733,LONG,29.786,YES,NO,NONE,NO_BREAKOUT,,,
2025.01.17,2025.01.17 01:00:00,2714.69,2715.01,2712.49,29.786,2724.76,2690.03,2688.96,2590.752,LONG,29.786,YES,NO,NONE,NO_BREAKOUT,,,
2025.01.17,2025.01.17 02:00:00,2714.72,2716.15,2713.74,29.786,2724.76,2690.03,2688.96,2590.755,LONG,29.786,YES,NO,NONE,NO_BREAKOUT,,,
2025.01.17,2025.01.17 03:00:00,2714.65,2714.83,2709.88,29.786,2724.76,2690.03,2688.96,2590.755,LONG,29.786,YES,NO,NONE,NO_BREAKOUT,,,
2025.01.17,2025.01.17 04:00:00,2715.85,2716.98,2713.92,29.786,2724.76,2690.03,2688.96,2590.823,LONG,29.786,YES,NO,NONE,NO_BREAKOUT,,,
2025.01.17,2025.01.17 05:00:00,2715.49,2717.38,2714.54,29.786,2724.76,2690.03,2688.96,2590.809,LONG,29.786,YES,NO,NONE,NO_BREAKOUT,,,
2025.01.17,2025.01.17 06:00:00,2714.73,2716.54,2714.19,29.786,2724.76,2690.03,2688.96,2590.758,LONG,29.786,YES,NO,NONE,NO_BREAKOUT,,,
2025.01.17,2025.01.17 07:00:00,2711.68,2715.57,2711.19,29.786,2724.76,2690.03,2688.96,2590.529,LONG,29.786,YES,NO,NONE,NO_BREAKOUT,,,
2025.01.17,2025.01.17 08:00:00,2712.57,2713.34,2710.58,29.786,2724.76,2690.03,2688.96,2590.595,LONG,29.786,YES,NO,NONE,NO_BREAKOUT,,,
2025.01.17,2025.01.17 09:00:00,2710.54,2714.64,2708.65,29.786,2724.76,2690.03,2688.96,2590.451,LONG,29.786,YES,NO,NONE,NO_BREAKOUT,,,
2025.01.17,2025.01.17 10:00:00,2711.70,2712.97,2709.54,29.786,2724.76,2690.03,2688.96,2590.518,LONG,29.786,YES,NO,NONE,NO_BREAKOUT,,,
2025.01.17,2025.01.17 11:00:00,2704.73,2712.04,2703.89,29.786,2724.76,2690.03,2688.96,2590.009,LONG,29.786,YES,NO,NONE,NO_BREAKOUT,,,
2025.01.17,2025.01.17 12:00:00,2704.01,2706.15,2702.82,29.786,2724.76,2690.03,2688.96,2589.960,LONG,29.786,YES,NO,NONE,NO_BREAKOUT,,,
2025.01.17,2025.01.17 13:00:00,2708.06,2708.73,2703.51,29.786,2724.76,2690.03,2688.96,2590.266,LONG,29.786,YES,NO,NONE,NO_BREAKOUT,,,
2025.01.17,2025.01.17 14:00:00,2711.09,2711.87,2707.05,29.786,2724.76,2690.03,2688.96,2590.478,LONG,29.786,YES,NO,NONE,NO_BREAKOUT,,,
2025.01.17,2025.01.17 15:00:00,2704.90,2712.12,2704.49,29.786,2724.76,2690.03,2688.96,2590.013,LONG,29.786,YES,NO,NONE,NO_BREAKOUT,,,
2025.01.17,2025.01.17 16:00:00,2711.80,2712.47,2702.69,29.786,2724.76,2690.03,2688.96,2590.511,LONG,29.786,YES,NO,NONE,NO_BREAKOUT,,,
2025.01.17,2025.01.17 17:00:00,2714.31,2715.03,2710.09,29.786,2724.76,2690.03,2688.96,2590.725,LONG,29.786,YES,NO,NONE,NO_BREAKOUT,,,
2025.01.17,2025.01.17 18:00:00,2716.12,2717.29,2713.62,29.786,2724.76,2690.03,2688.96,2590.852,LONG,29.786,YES,NO,NONE,NO_BREAKOUT,,,
2025.01.17,2025.01.17 19:00:00,2712.54,2716.60,2710.67,29.786,2724.76,2690.03,2688.96,2590.601,LONG,29.786,YES,NO,NONE,NO_BREAKOUT,,,
2025.01.17,2025.01.17 20:00:00,2705.56,2713.28,2705.44,29.786,2724.76,2690.03,2688.96,2590.089,LONG,29.786,YES,NO,NONE,NO_BREAKOUT,,,
2025.01.17,2025.01.17 21:00:00,2703.19,2707.17,2702.86,29.786,2724.76,2690.03,2688.96,2589.898,LONG,29.786,YES,NO,NONE,NO_BREAKOUT,,,
2025.01.17,2025.01.17 22:00:00,2700.71,2704.18,2699.80,29.786,2724.76,2690.03,2688.96,2589.697,LONG,29.786,YES,NO,NONE,NO_BREAKOUT,,,
2025.01.17,2025.01.17 23:00:00,2702.92,2703.04,2698.47,29.234,2717.38,2698.47,2702.92,2598.266,LONG,29.234,YES,NO,NONE,NO_BREAKOUT,,,
2025.01.20,2025.01.20 01:00:00,2696.48,2703.79,2691.22,29.234,2717.38,2698.47,2702.92,2597.776,LONG,29.234,YES,NO,NONE,NO_BREAKOUT,,,
2025.01.20,2025.01.20 02:00:00,2694.46,2696.48,2692.67,29.234,2717.38,2698.47,2702.92,2597.626,LONG,29.234,YES,NO,NONE,NO_BREAKOUT,,,
2025.01.20,2025.01.20 03:00:00,2693.73,2695.93,2689.26,29.234,2717.38,2698.47,2702.92,2597.583,LONG,29.234,YES,NO,NONE,NO_BREAKOUT,,,
2025.01.20,2025.01.20 04:00:00,2697.45,2698.00,2693.61,29.234,2717.38,2698.47,2702.92,2597.852,LONG,29.234,YES,NO,NONE,NO_BREAKOUT,,,
2025.01.20,2025.01.20 05:00:00,2703.61,2704.03,2697.43,29.234,2717.38,2698.47,2702.92,2598.310,LONG,29.234,YES,NO,NONE,NO_BREAKOUT,,,
2025.01.20,2025.01.20 06:00:00,2705.98,2706.53,2702.21,29.234,2717.38,2698.47,2702.92,2598.473,LONG,29.234,YES,NO,NONE,NO_BREAKOUT,,,
2025.01.20,2025.01.20 07:00:00,2707.40,2707.53,2703.67,29.234,2717.38,2698.47,2702.92,2598.583,LONG,29.234,YES,NO,NONE,NO_BREAKOUT,,,
2025.01.20,2025.01.20 08:00:00,2711.31,2713.76,2706.63,29.234,2717.38,2698.47,2702.92,2598.870,LONG,29.234,YES,NO,NONE,NO_BREAKOUT,,,
2025.01.20,2025.01.20 09:00:00,2703.53,2711.85,2702.88,29.234,2717.38,2698.47,2702.92,2598.309,LONG,29.234,YES,NO,NONE,NO_BREAKOUT,,,
2025.01.20,2025.01.20 10:00:00,2706.95,2707.94,2702.99,29.234,2717.38,2698.47,2702.92,2598.539,LONG,29.234,YES,NO,NONE,NO_BREAKOUT,,,
2025.01.20,2025.01.20 11:00:00,2706.14,2708.81,2703.04,29.234,2717.38,2698.47,2702.92,2598.483,LONG,29.234,YES,NO,NONE,NO_BREAKOUT,,,
2025.01.20,2025.01.20 12:00:00,2708.42,2709.86,2705.29,29.234,2717.38,2698.47,2702.92,2598.646,LONG,29.234,YES,NO,NONE,NO_BREAKOUT,,,
2025.01.20,2025.01.20 13:00:00,2708.29,2712.57,2704.78,29.234,2717.38,2698.47,2702.92,2598.662,LONG,29.234,YES,NO,NONE,NO_BREAKOUT,,,
2025.01.20,2025.01.20 14:00:00,2708.04,2710.18,2706.13,29.234,2717.38,2698.47,2702.92,2598.631,LONG,29.234,YES,NO,NONE,NO_BREAKOUT,,,
2025.01.20,2025.01.20 15:00:00,2705.15,2710.53,2701.52,29.234,2717.38,2698.47,2702.92,2598.461,LONG,29.234,YES,NO,NONE,NO_BREAKOUT,,,
2025.01.20,2025.01.20 16:00:00,2710.18,2711.80,2704.17,29.234,2717.38,2698.47,2702.92,2598.777,LONG,29.234,YES,NO,NONE,NO_BREAKOUT,,,
2025.01.20,2025.01.20 17:00:00,2706.89,2710.53,2705.31,29.234,2717.38,2698.47,2702.92,2598.543,LONG,29.234,YES,NO,NONE,NO_BREAKOUT,,,
2025.01.20,2025.01.20 18:00:00,2707.47,2709.12,2703.12,29.234,2717.38,2698.47,2702.92,2598.586,LONG,29.234,YES,NO,NONE,NO_BREAKOUT,,,
2025.01.20,2025.01.20 19:00:00,2706.91,2711.21,2703.33,29.234,2717.38,2698.47,2702.92,2598.563,LONG,29.234,YES,NO,NONE,NO_BREAKOUT,,,
2025.01.20,2025.01.20 20:00:00,2710.67,2710.96,2704.24,29.234,2717.38,2698.47,2702.92,2598.833,LONG,29.234,YES,NO,NONE,NO_BREAKOUT,,,
2025.01.20,2025.01.20 21:00:00,2706.70,2711.04,2706.19,28.695,2713.76,2689.26,2702.92,2598.650,LONG,28.695,YES,NO,NONE,NO_BREAKOUT,,,
2025.01.21,2025.01.21 01:00:00,2710.36,2711.04,2706.28,28.695,2713.76,2689.26,2702.92,2598.811,LONG,28.695,YES,NO,NONE,NO_BREAKOUT,,,
2025.01.21,2025.01.21 02:00:00,2705.35,2711.63,2702.86,28.695,2713.76,2689.26,2702.92,2598.403,LONG,28.695,YES,NO,NONE,NO_BREAKOUT,,,
2025.01.21,2025.01.21 03:00:00,2718.07,2719.24,2702.81,28.695,2713.76,2689.26,2702.92,2599.376,LONG,28.695,YES,NO,NONE,NO_BREAKOUT,,,
2025.01.21,2025.01.21 04:00:00,2724.85,2725.85,2717.93,28.695,2713.76,2689.26,2702.92,2599.877,LONG,28.695,YES,NO,NONE,NO_BREAKOUT,,,
2025.01.21,2025.01.21 05:00:00,2724.24,2726.90,2721.10,28.695,2713.76,2689.26,2702.92,2599.839,LONG,28.695,YES,NO,NONE,NO_BREAKOUT,,,
2025.01.21,2025.01.21 06:00:00,2727.40,2727.90,2722.86,28.695,2713.76,2689.26,2702.92,2600.080,LONG,28.695,YES,NO,NONE,NO_BREAKOUT,,,
2025.01.21,2025.01.21 07:00:00,2726.12,2729.22,2725.35,28.695,2713.76,2689.26,2702.92,2599.963,LONG,28.695,YES,NO,NONE,NO_BREAKOUT,,,
2025.01.21,2025.01.21 08:00:00,2724.15,2729.48,2723.71,28.695,2713.76,2689.26,2702.92,2599.827,LONG,28.695,YES,NO,NONE,NO_BREAKOUT,,,
2025.01.21,2025.01.21 09:00:00,2729.77,2732.84,2722.70,28.695,2713.76,2689.26,2702.92,2600.207,LONG,28.695,YES,NO,NONE,NO_BREAKOUT,,,
2025.01.21,2025.01.21 10:00:00,2723.27,2729.49,2721.37,28.695,2713.76,2689.26,2702.92,2599.756,LONG,28.695,YES,NO,NONE,NO_BREAKOUT,,,
2025.01.21,2025.01.21 11:00:00,2720.70,2724.12,2717.20,28.695,2713.76,2689.26,2702.92,2599.570,LONG,28.695,YES,NO,NONE,NO_BREAKOUT,,,
2025.01.21,2025.01.21 12:00:00,2719.73,2724.04,2718.93,28.695,2713.76,2689.26,2702.92,2599.500,LONG,28.695,YES,NO,NONE,NO_BREAKOUT,,,
2025.01.21,2025.01.21 13:00:00,2724.07,2724.54,2716.43,28.695,2713.76,2689.26,2702.92,2599.832,LONG,28.695,YES,NO,NONE,NO_BREAKOUT,,,
2025.01.21,2025.01.21 14:00:00,2726.76,2727.26,2721.90,28.695,2713.76,2689.26,2702.92,2600.003,LONG,28.695,YES,NO,NONE,NO_BREAKOUT,,,
2025.01.21,2025.01.21 15:00:00,2726.36,2730.17,2724.61,28.695,2713.76,2689.26,2702.92,2599.993,LONG,28.695,YES,NO,NONE,NO_BREAKOUT,,,
2025.01.21,2025.01.21 16:00:00,2738.11,2738.48,2725.24,28.695,2713.76,2689.26,2702.92,2600.866,LONG,28.695,YES,NO,NONE,NO_BREAKOUT,,,
2025.01.21,2025.01.21 17:00:00,2738.86,2740.36,2734.58,28.695,2713.76,2689.26,2702.92,2600.914,LONG,28.695,YES,NO,NONE,NO_BREAKOUT,,,
2025.01.21,2025.01.21 18:00:00,2743.14,2745.20,2737.76,28.695,2713.76,2689.26,2702.92,2601.232,LONG,28.695,YES,NO,LONG,,2743.14,2700.10,2829.22
2025.01.21,2025.01.21 19:00:00,2740.19,2745.83,2740.02,28.695,2713.76,2689.26,2702.92,2601.000,LONG,28.695,YES,NO,NONE,TRADE_ALREADY_TAKEN,,,
2025.01.21,2025.01.21 20:00:00,2744.48,2746.02,2739.83,28.695,2713.76,2689.26,2702.92,2601.332,LONG,28.695,YES,NO,NONE,TRADE_ALREADY_TAKEN,,,
2025.01.21,2025.01.21 21:00:00,2742.77,2745.37,2741.39,28.695,2713.76,2689.26,2702.92,2601.195,LONG,28.695,YES,NO,NONE,TRADE_ALREADY_TAKEN,,,
2025.01.21,2025.01.21 22:00:00,2742.54,2743.26,2740.01,28.695,2713.76,2689.26,2702.92,2601.184,LONG,28.695,YES,NO,NONE,TRADE_ALREADY_TAKEN,,,
2025.01.21,2025.01.21 23:00:00,2744.69,2745.68,2741.79,29.996,2746.02,2702.81,2702.92,2601.383,LONG,29.996,YES,NO,NONE,NO_BREAKOUT,,,
2025.01.22,2025.01.22 01:00:00,2744.22,2745.61,2741.10,29.996,2746.02,2702.81,2702.92,2601.324,LONG,29.996,YES,NO,NONE,NO_BREAKOUT,,,
2025.01.22,2025.01.22 02:00:00,2748.23,2749.18,2742.78,29.996,2746.02,2702.81,2702.92,2601.611,LONG,29.996,YES,NO,NONE,NO_BREAKOUT,,,
2025.01.22,2025.01.22 03:00:00,2748.12,2749.98,2746.67,29.996,2746.02,2702.81,2702.92,2601.600,LONG,29.996,YES,NO,NONE,NO_BREAKOUT,,,
2025.01.22,2025.01.22 04:00:00,2748.91,2749.73,2746.22,29.996,2746.02,2702.81,2702.92,2601.661,LONG,29.996,YES,NO,NONE,NO_BREAKOUT,,,
2025.01.22,2025.01.22 05:00:00,2750.25,2751.12,2747.88,29.996,2746.02,2702.81,2702.92,2601.760,LONG,29.996,YES,NO,NONE,NO_BREAKOUT,,,
2025.01.22,2025.01.22 06:00:00,2752.16,2752.98,2749.32,29.996,2746.02,2702.81,2702.92,2601.907,LONG,29.996,YES,NO,NONE,NO_BREAKOUT,,,
2025.01.22,2025.01.22 07:00:00,2758.03,2758.68,2750.25,29.996,2746.02,2702.81,2702.92,2602.339,LONG,29.996,YES,NO,NONE,NO_BREAKOUT,,,
2025.01.22,2025.01.22 08:00:00,2746.76,2758.20,2745.59,29.996,2746.02,2702.81,2702.92,2601.501,LONG,29.996,YES,NO,NONE,NO_BREAKOUT,,,
2025.01.22,2025.01.22 09:00:00,2748.45,2753.93,2746.18,29.996,2746.02,2702.81,2702.92,2601.617,LONG,29.996,YES,NO,NONE,NO_BREAKOUT,,,
2025.01.22,2025.01.22 10:00:00,2753.18,2753.93,2746.77,29.996,2746.02,2702.81,2702.92,2601.975,LONG,29.996,YES,NO,NONE,NO_BREAKOUT,,,
2025.01.22,2025.01.22 11:00:00,2758.41,2762.24,2752.83,29.996,2746.02,2702.81,2702.92,2602.363,LONG,29.996,YES,NO,NONE,NO_BREAKOUT,,,
2025.01.22,2025.01.22 12:00:00,2760.15,2763.45,2758.29,29.996,2746.02,2702.81,2702.92,2602.489,LONG,29.996,YES,NO,NONE,NO_BREAKOUT,,,
2025.01.22,2025.01.22 13:00:00,2756.40,2760.54,2756.31,29.996,2746.02,2702.81,2702.92,2602.223,LONG,29.996,YES,NO,NONE,NO_BREAKOUT,,,
2025.01.22,2025.01.22 14:00:00,2758.15,2758.63,2751.64,29.996,2746.02,2702.81,2702.92,2602.343,LONG,29.996,YES,NO,NONE,NO_BREAKOUT,,,
2025.01.22,2025.01.22 15:00:00,2757.63,2761.63,2750.89,29.996,2746.02,2702.81,2702.92,2602.306,LONG,29.996,YES,NO,NONE,NO_BREAKOUT,,,
2025.01.22,2025.01.22 16:00:00,2754.01,2758.24,2750.25,29.996,2746.02,2702.81,2702.92,2602.007,LONG,29.996,YES,NO,NONE,NO_BREAKOUT,,,
2025.01.22,2025.01.22 17:00:00,2759.40,2760.35,2750.48,29.996,2746.02,2702.81,2702.92,2602.440,LONG,29.996,YES,NO,NONE,NO_BREAKOUT,,,
2025.01.22,2025.01.22 18:00:00,2758.35,2760.20,2756.05,29.996,2746.02,2702.81,2702.92,2602.358,LONG,29.996,YES,NO,NONE,NO_BREAKOUT,,,
2025.01.22,2025.01.22 19:00:00,2756.46,2758.44,2755.95,29.996,2746.02,2702.81,2702.92,2602.218,LONG,29.996,YES,NO,NONE,NO_BREAKOUT,,,
2025.01.22,2025.01.22 20:00:00,2757.79,2759.32,2754.89,29.996,2746.02,2702.81,2702.92,2602.318,LONG,29.996,YES,NO,NONE,NO_BREAKOUT,,,
2025.01.22,2025.01.22 21:00:00,2755.29,2757.80,2754.99,29.996,2746.02,2702.81,2702.92,2602.129,LONG,29.996,YES,NO,NONE,NO_BREAKOUT,,,
2025.01.22,2025.01.22 22:00:00,2756.61,2757.15,2754.84,29.996,2746.02,2702.81,2702.92,2602.233,LONG,29.996,YES,NO,NONE,NO_BREAKOUT,,,
2025.01.22,2025.01.22 23:00:00,2756.18,2757.13,2754.51,28.809,2763.45,2741.10,2702.92,2602.198,LONG,28.809,YES,NO,NONE,NO_BREAKOUT,,,
2025.01.23,2025.01.23 01:00:00,2755.55,2756.49,2753.51,28.809,2763.45,2741.10,2702.92,2602.142,LONG,28.809,YES,NO,NONE,NO_BREAKOUT,,,
2025.01.23,2025.01.23 02:00:00,2755.27,2755.89,2752.83,28.809,2763.45,2741.10,2702.92,2602.135,LONG,28.809,YES,NO,NONE,NO_BREAKOUT,,,
2025.01.23,2025.01.23 03:00:00,2752.79,2756.32,2750.62,28.809,2763.45,2741.10,2702.92,2601.947,LONG,28.809,YES,NO,NONE,NO_BREAKOUT,,,
2025.01.23,2025.01.23 04:00:00,2752.52,2755.03,2752.01,28.809,2763.45,2741.10,2702.92,2601.928,LONG,28.809,YES,NO,NONE,NO_BREAKOUT,,,
2025.01.23,2025.01.23 05:00:00,2750.01,2753.03,2749.51,28.809,2763.45,2741.10,2702.92,2601.737,LONG,28.809,YES,NO,NONE,NO_BREAKOUT,,,
2025.01.23,2025.01.23 06:00:00,2751.71,2753.66,2749.87,28.809,2763.45,2741.10,2702.92,2601.870,LONG,28.809,YES,NO,NONE,NO_BREAKOUT,,,
2025.01.23,2025.01.23 07:00:00,2751.99,2753.53,2751.09,28.809,2763.45,2741.10,2702.92,2601.886,LONG,28.809,YES,NO,NONE,NO_BREAKOUT,,,
2025.01.23,2025.01.23 08:00:00,2753.20,2755.59,2751.23,28.809,2763.45,2741.10,2702.92,2601.986,LONG,28.809,YES,NO,NONE,NO_BREAKOUT,,,
2025.01.23,2025.01.23 09:00:00,2752.79,2754.63,2751.62,28.809,2763.45,2741.10,2702.92,2601.948,LONG,28.809,YES,NO,NONE,NO_BREAKOUT,,,
2025.01.23,2025.01.23 10:00:00,2752.66,2754.83,2752.00,28.809,2763.45,2741.10,2702.92,2601.947,LONG,28.809,YES,NO,NONE,NO_BREAKOUT,,,
2025.01.23,2025.01.23 11:00:00,2745.87,2753.84,2740.87,28.809,2763.45,2741.10,2702.92,2601.425,LONG,28.809,YES,NO,NONE,NO_BREAKOUT,,,
2025.01.23,2025.01.23 12:00:00,2751.34,2752.43,2745.26,28.809,2763.45,2741.10,2702.92,2601.849,LONG,28.809,YES,NO,NONE,NO_BREAKOUT,,,
2025.01.23,2025.01.23 13:00:00,2751.96,2754.45,2750.85,28.809,2763.45,2741.10,2702.92,2601.878,LONG,28.809,YES,NO,NONE,NO_BREAKOUT,,,
2025.01.23,2025.01.23 14:00:00,2744.73,2753.41,2742.08,28.809,2763.45,2741.10,2702.92,2601.349,LONG,28.809,YES,NO,NONE,NO_BREAKOUT,,,
2025.01.23,2025.01.23 15:00:00,2741.46,2745.79,2735.58,28.809,2763.45,2741.10,2702.92,2601.127,LONG,28.809,YES,NO,NONE,NO_BREAKOUT,,,
2025.01.23,2025.01.23 16:00:00,2745.91,2747.41,2740.23,28.809,2763.45,2741.10,2702.92,2601.460,LONG,28.809,YES,NO,NONE,NO_BREAKOUT,,,
2025.01.23,2025.01.23 17:00:00,2746.63,2749.54,2741.99,28.809,2763.45,2741.10,2702.92,2601.463,LONG,28.809,YES,NO,NONE,NO_BREAKOUT,,,
2025.01.23,2025.01.23 18:00:00,2754.05,2757.33,2744.23,28.809,2763.45,2741.10,2702.92,2602.045,LONG,28.809,YES,NO,NONE,NO_BREAKOUT,,,
2025.01.23,2025.01.23 19:00:00,2757.71,2758.92,2752.38,28.809,2763.45,2741.10,2702.92,2602.314,LONG,28.809,YES,NO,NONE,NO_BREAKOUT,,,
2025.01.23,2025.01.23 20:00:00,2755.77,2758.23,2755.09,28.809,2763.45,2741.10,2702.92,2602.171,LONG,28.809,YES,NO,NONE,NO_BREAKOUT,,,
2025.01.23,2025.01.23 21:00:00,2754.04,2757.99,2753.82,28.809,2763.45,2741.10,2702.92,2602.041,LONG,28.809,YES,NO,NONE,NO_BREAKOUT,,,
2025.01.23,2025.01.23 22:00:00,2753.66,2754.64,2751.28,28.809,2763.45,2741.10,2702.92,2602.008,LONG,28.809,YES,NO,NONE,NO_BREAKOUT,,,
2025.01.23,2025.01.23 23:00:00,2754.52,2754.52,2751.69,28.430,2758.92,2735.58,2702.92,2602.084,LONG,28.430,YES,NO,NONE,NO_BREAKOUT,,,
2025.01.24,2025.01.24 01:00:00,2754.67,2755.61,2753.49,28.430,2758.92,2735.58,2702.92,2602.085,LONG,28.430,YES,NO,NONE,NO_BREAKOUT,,,
2025.01.24,2025.01.24 02:00:00,2759.77,2761.08,2754.44,28.430,2758.92,2735.58,2702.92,2602.460,LONG,28.430,YES,NO,NONE,NO_BREAKOUT,,,
2025.01.24,2025.01.24 03:00:00,2762.26,2762.57,2758.36,28.430,2758.92,2735.58,2702.92,2602.658,LONG,28.430,YES,NO,NONE,NO_BREAKOUT,,,
2025.01.24,2025.01.24 04:00:00,2774.25,2775.35,2762.33,28.430,2758.92,2735.58,2702.92,2603.539,LONG,28.430,YES,NO,NONE,NO_BREAKOUT,,,
2025.01.24,2025.01.24 05:00:00,2772.24,2777.40,2771.01,28.430,2758.92,2735.58,2702.92,2603.387,LONG,28.430,YES,NO,NONE,NO_BREAKOUT,,,
2025.01.24,2025.01.24 06:00:00,2772.08,2775.00,2770.57,28.430,2758.92,2735.58,2702.92,2603.392,LONG,28.430,YES,NO,NONE,NO_BREAKOUT,,,
2025.01.24,2025.01.24 07:00:00,2775.27,2776.73,2772.24,28.430,2758.92,2735.58,2702.92,2603.609,LONG,28.430,YES,NO,NONE,NO_BREAKOUT,,,
2025.01.24,2025.01.24 08:00:00,2773.81,2778.30,2773.17,28.430,2758.92,2735.58,2702.92,2603.495,LONG,28.430,YES,NO,NONE,NO_BREAKOUT,,,
2025.01.24,2025.01.24 09:00:00,2772.74,2775.40,2772.08,28.430,2758.92,2735.58,2702.92,2603.420,LONG,28.430,YES,NO,NONE,NO_BREAKOUT,,,
2025.01.24,2025.01.24 10:00:00,2774.06,2775.33,2770.04,28.430,2758.92,2735.58,2702.92,2603.463,LONG,28.430,YES,NO,NONE,NO_BREAKOUT,,,
2025.01.24,2025.01.24 11:00:00,2772.72,2777.76,2771.05,28.430,2758.92,2735.58,2702.92,2603.424,LONG,28.430,YES,NO,NONE,NO_BREAKOUT,,,
2025.01.24,2025.01.24 12:00:00,2775.72,2776.17,2771.53,28.430,2758.92,2735.58,2702.92,2603.646,LONG,28.430,YES,NO,NONE,NO_BREAKOUT,,,
2025.01.24,2025.01.24 13:00:00,2776.71,2780.05,2774.18,28.430,2758.92,2735.58,2702.92,2603.706,LONG,28.430,YES,NO,NONE,NO_BREAKOUT,,,
2025.01.24,2025.01.24 14:00:00,2778.67,2779.11,2776.16,28.430,2758.92,2735.58,2702.92,2603.865,LONG,28.430,YES,NO,NONE,NO_BREAKOUT,,,
2025.01.24,2025.01.24 15:00:00,2782.37,2784.58,2777.89,28.430,2758.92,2735.58,2702.92,2604.138,LONG,28.430,YES,NO,NONE,NO_BREAKOUT,,,
2025.01.24,2025.01.24 16:00:00,2777.35,2784.26,2773.87,28.430,2758.92,2735.58,2702.92,2603.811,LONG,28.430,YES,NO,NONE,NO_BREAKOUT,,,
2025.01.24,2025.01.24 17:00:00,2775.82,2785.94,2775.59,28.430,2758.92,2735.58,2702.92,2603.658,LONG,28.430,YES,NO,NONE,NO_BREAKOUT,,,
2025.01.24,2025.01.24 18:00:00,2772.06,2777.52,2769.99,28.430,2758.92,2735.58,2702.92,2603.363,LONG,28.430,YES,NO,NONE,NO_BREAKOUT,,,
2025.01.24,2025.01.24 19:00:00,2773.35,2776.17,2770.73,28.430,2758.92,2735.58,2702.92,2603.471,LONG,28.430,YES,NO,NONE,NO_BREAKOUT,,,
2025.01.24,2025.01.24 20:00:00,2773.41,2774.13,2771.39,28.430,2758.92,2735.58,2702.92,2603.478,LONG,28.430,YES,NO,NONE,NO_BREAKOUT,,,
2025.01.24,2025.01.24 21:00:00,2774.64,2775.26,2771.36,28.430,2758.92,2735.58,2702.92,2603.567,LONG,28.430,YES,NO,NONE,NO_BREAKOUT,,,
2025.01.24,2025.01.24 22:00:00,2771.04,2774.85,2770.69,28.430,2758.92,2735.58,2702.92,2603.304,LONG,28.430,YES,NO,NONE,NO_BREAKOUT,,,
2025.01.24,2025.01.24 23:00:00,2771.48,2772.10,2770.42,28.248,2785.94,2753.49,2771.48,2615.660,LONG,28.248,YES,NO,NONE,NO_BREAKOUT,,,
2025.01.27,2025.01.27 01:00:00,2767.27,2769.81,2764.72,28.248,2785.94,2753.49,2771.48,2615.469,LONG,28.248,YES,NO,NONE,NO_BREAKOUT,,,
2025.01.27,2025.01.27 02:00:00,2769.68,2770.94,2765.83,28.248,2785.94,2753.49,2771.48,2615.662,LONG,28.248,YES,NO,NONE,NO_BREAKOUT,,,
2025.01.27,2025.01.27 03:00:00,2762.90,2772.53,2762.88,28.248,2785.94,2753.49,2771.48,2615.151,LONG,28.248,YES,NO,NONE,NO_BREAKOUT,,,
2025.01.27,2025.01.27 04:00:00,2756.14,2763.61,2754.10,28.248,2785.94,2753.49,2771.48,2614.653,LONG,28.248,YES,NO,NONE,NO_BREAKOUT,,,
2025.01.27,2025.01.27 05:00:00,2761.08,2762.62,2755.12,28.248,2785.94,2753.49,2771.48,2615.015,LONG,28.248,YES,NO,NONE,NO_BREAKOUT,,,
2025.01.27,2025.01.27 06:00:00,2758.12,2761.07,2755.74,28.248,2785.94,2753.49,2771.48,2614.800,LONG,28.248,YES,NO,NONE,NO_BREAKOUT,,,
2025.01.27,2025.01.27 07:00:00,2753.27,2758.16,2752.86,28.248,2785.94,2753.49,2771.48,2614.431,LONG,28.248,YES,NO,NONE,NO_BREAKOUT,,,
2025.01.27,2025.01.27 08:00:00,2754.52,2755.05,2750.73,28.248,2785.94,2753.49,2771.48,2614.534,LONG,28.248,YES,NO,NONE,NO_BREAKOUT,,,
2025.01.27,2025.01.27 09:00:00,2749.50,2754.98,2747.32,28.248,2785.94,2753.49,2771.48,2614.173,LONG,28.248,YES,NO,NONE,NO_BREAKOUT,,,
2025.01.27,2025.01.27 10:00:00,2757.23,2759.86,2749.39,28.248,2785.94,2753.49,2771.48,2614.689,LONG,28.248,YES,NO,NONE,NO_BREAKOUT,,,
2025.01.27,2025.01.27 11:00:00,2763.33,2765.00,2755.76,28.248,2785.94,2753.49,2771.48,2615.171,LONG,28.248,YES,NO,NONE,NO_BREAKOUT,,,
2025.01.27,2025.01.27 12:00:00,2768.17,2771.04,2762.86,28.248,2785.94,2753.49,2771.48,2615.520,LONG,28.248,YES,NO,NONE,NO_BREAKOUT,,,
2025.01.27,2025.01.27 13:00:00,2771.16,2771.88,2764.94,28.248,2785.94,2753.49,2771.48,2615.777,LONG,28.248,YES,NO,NONE,NO_BREAKOUT,,,
2025.01.27,2025.01.27 14:00:00,2761.22,2771.52,2760.44,28.248,2785.94,2753.49,2771.48,2615.014,LONG,28.248,YES,NO,NONE,NO_BREAKOUT,,,
2025.01.27,2025.01.27 15:00:00,2757.41,2762.48,2752.28,28.248,2785.94,2753.49,2771.48,2614.729,LONG,28.248,YES,NO,NONE,NO_BREAKOUT,,,
2025.01.27,2025.01.27 16:00:00,2750.79,2757.99,2744.95,28.248,2785.94,2753.49,2771.48,2614.254,LONG,28.248,YES,NO,NONE,NO_BREAKOUT,,,
2025.01.27,2025.01.27 17:00:00,2741.87,2751.03,2739.58,28.248,2785.94,2753.49,2771.48,2613.600,LONG,28.248,YES,NO,NONE,NO_BREAKOUT,,,
2025.01.27,2025.01.27 18:00:00,2734.42,2743.14,2733.37,28.248,2785.94,2753.49,2771.48,2613.065,LONG,28.248,YES,NO,NONE,NO_BREAKOUT,,,
2025.01.27,2025.01.27 19:00:00,2733.58,2736.86,2730.48,28.248,2785.94,2753.49,2771.48,2612.975,LONG,28.248,YES,NO,NONE,NO_BREAKOUT,,,
2025.01.27,2025.01.27 20:00:00,2737.02,2737.86,2733.00,28.248,2785.94,2753.49,2771.48,2613.231,LONG,28.248,YES,NO,NONE,NO_BREAKOUT,,,
2025.01.27,2025.01.27 21:00:00,2739.35,2740.59,2736.86,28.248,2785.94,2753.49,2771.48,2613.411,LONG,28.248,YES,NO,NONE,NO_BREAKOUT,,,
2025.01.27,2025.01.27 22:00:00,2741.59,2742.57,2738.18,28.248,2785.94,2753.49,2771.48,2613.535,LONG,28.248,YES,NO,NONE,NO_BREAKOUT,,,
2025.01.27,2025.01.27 23:00:00,2740.70,2743.95,2740.22,29.012,2772.53,2730.48,2771.48,2613.449,LONG,29.012,YES,NO,NONE,NO_BREAKOUT,,,
2025.01.28,2025.01.28 01:00:00,2741.60,2745.32,2739.42,29.012,2772.53,2730.48,2771.48,2613.586,LONG,29.012,YES,NO,NONE,NO_BREAKOUT,,,
2025.01.28,2025.01.28 02:00:00,2740.60,2744.45,2739.92,29.012,2772.53,2730.48,2771.48,2613.512,LONG,29.012,YES,NO,NONE,NO_BREAKOUT,,,
2025.01.28,2025.01.28 03:00:00,2741.45,2745.29,2739.45,29.012,2772.53,2730.48,2771.48,2613.560,LONG,29.012,YES,NO,NONE,NO_BREAKOUT,,,
2025.01.28,2025.01.28 04:00:00,2739.34,2741.62,2738.21,29.012,2772.53,2730.48,2771.48,2613.415,LONG,29.012,YES,NO,NONE,NO_BREAKOUT,,,
2025.01.28,2025.01.28 05:00:00,2738.86,2741.69,2737.80,29.012,2772.53,2730.48,2771.48,2613.372,LONG,29.012,YES,NO,NONE,NO_BREAKOUT,,,
2025.01.28,2025.01.28 06:00:00,2742.30,2742.54,2738.67,29.012,2772.53,2730.48,2771.48,2613.643,LONG,29.012,YES,NO,NONE,NO_BREAKOUT,,,
2025.01.28,2025.01.28 07:00:00,2741.81,2744.89,2741.20,29.012,2772.53,2730.48,2771.48,2613.567,LONG,29.012,YES,NO,NONE,NO_BREAKOUT,,,
2025.01.28,2025.01.28 08:00:00,2739.77,2742.92,2739.19,29.012,2772.53,2730.48,2771.48,2613.405,LONG,29.012,YES,NO,NONE,NO_BREAKOUT,,,
2025.01.28,2025.01.28 09:00:00,2738.57,2743.03,2738.28,29.012,2772.53,2730.48,2771.48,2613.391,LONG,29.012,YES,NO,NONE,NO_BREAKOUT,,,
2025.01.28,2025.01.28 10:00:00,2741.07,2741.75,2734.81,29.012,2772.53,2730.48,2771.48,2613.534,LONG,29.012,YES,NO,NONE,NO_BREAKOUT,,,
2025.01.28,2025.01.28 11:00:00,2743.43,2745.24,2740.38,29.012,2772.53,2730.48,2771.48,2613.704,LONG,29.012,YES,NO,NONE,NO_BREAKOUT,,,
2025.01.28,2025.01.28 12:00:00,2743.09,2745.22,2740.25,29.012,2772.53,2730.48,2771.48,2613.684,LONG,29.012,YES,NO,NONE,NO_BREAKOUT,,,
2025.01.28,2025.01.28 13:00:00,2742.78,2744.61,2741.61,29.012,2772.53,2730.48,2771.48,2613.663,LONG,29.012,YES,NO,NONE,NO_BREAKOUT,,,
2025.01.28,2025.01.28 14:00:00,2745.60,2745.63,2741.25,29.012,2772.53,2730.48,2771.48,2613.878,LONG,29.012,YES,NO,NONE,NO_BREAKOUT,,,
2025.01.28,2025.01.28 15:00:00,2748.71,2749.54,2745.24,29.012,2772.53,2730.48,2771.48,2614.114,LONG,29.012,YES,NO,NONE,NO_BREAKOUT,,,
2025.01.28,2025.01.28 16:00:00,2752.87,2756.26,2748.72,29.012,2772.53,2730.48,2771.48,2614.441,LONG,29.012,YES,NO,NONE,NO_BREAKOUT,,,
2025.01.28,2025.01.28 17:00:00,2755.44,2757.23,2751.04,29.012,2772.53,2730.48,2771.48,2614.599,LONG,29.012,YES,NO,NONE,NO_BREAKOUT,,,
2025.01.28,2025.01.28 18:00:00,2758.70,2759.61,2755.19,29.012,2772.53,2730.48,2771.48,2614.831,LONG,29.012,YES,NO,NONE,NO_BREAKOUT,,,
2025.01.28,2025.01.28 19:00:00,2759.69,2759.99,2757.44,29.012,2772.53,2730.48,2771.48,2614.927,LONG,29.012,YES,NO,NONE,NO_BREAKOUT,,,
2025.01.28,2025.01.28 20:00:00,2762.16,2763.52,2759.05,29.012,2772.53,2730.48,2771.48,2615.098,LONG,29.012,YES,NO,NONE,NO_BREAKOUT,,,
2025.01.28,2025.01.28 21:00:00,2764.92,2765.05,2761.11,29.012,2772.53,2730.48,2771.48,2615.300,LONG,29.012,YES,NO,NONE,NO_BREAKOUT,,,
2025.01.28,2025.01.28 22:00:00,2764.09,2765.11,2762.34,29.012,2772.53,2730.48,2771.48,2615.236,LONG,29.012,YES,NO,NONE,NO_BREAKOUT,,,
2025.01.28,2025.01.28 23:00:00,2763.17,2764.04,2762.70,29.409,2765.11,2734.81,2771.48,2615.176,LONG,29.409,YES,NO,NONE,NO_BREAKOUT,,,
2025.01.29,2025.01.29 01:00:00,2762.74,2764.26,2762.31,29.409,2765.11,2734.81,2771.48,2615.140,LONG,29.409,YES,NO,NONE,NO_BREAKOUT,,,
2025.01.29,2025.01.29 02:00:00,2763.92,2764.88,2762.28,29.409,2765.11,2734.81,2771.48,2615.230,LONG,29.409,YES,NO,NONE,NO_BREAKOUT,,,
2025.01.29,2025.01.29 03:00:00,2763.79,2766.20,2763.54,29.409,2765.11,2734.81,2771.48,2615.214,LONG,29.409,YES,NO,NONE,NO_BREAKOUT,,,
2025.01.29,2025.01.29 04:00:00,2764.19,2765.68,2763.35,29.409,2765.11,2734.81,2771.48,2615.249,LONG,29.409,YES,NO,NONE,NO_BREAKOUT,,,
2025.01.29,2025.01.29 05:00:00,2762.80,2764.51,2762.30,29.409,2765.11,2734.81,2771.48,2615.134,LONG,29.409,YES,NO,NONE,NO_BREAKOUT,,,
2025.01.29,2025.01.29 06:00:00,2762.47,2764.31,2761.47,29.409,2765.11,2734.81,2771.48,2615.118,LONG,29.409,YES,NO,NONE,NO_BREAKOUT,,,
2025.01.29,2025.01.29 07:00:00,2760.74,2763.09,2760.03,29.409,2765.11,2734.81,2771.48,2615.005,LONG,29.409,YES,NO,NONE,NO_BREAKOUT,,,
2025.01.29,2025.01.29 08:00:00,2759.17,2762.08,2759.13,29.409,2765.11,2734.81,2771.48,2614.869,LONG,29.409,YES,NO,NONE,NO_BREAKOUT,,,
2025.01.29,2025.01.29 09:00:00,2759.21,2760.57,2757.37,29.409,2765.11,2734.81,2771.48,2614.885,LONG,29.409,YES,NO,NONE,NO_BREAKOUT,,,
2025.01.29,2025.01.29 10:00:00,2763.94,2766.01,2759.30,29.409,2765.11,2734.81,2771.48,2615.220,LONG,29.409,YES,NO,NONE,NO_BREAKOUT,,,
2025.01.29,2025.01.29 11:00:00,2762.84,2764.24,2760.27,29.409,2765.11,2734.81,2771.48,2615.142,LONG,29.409,YES,NO,NONE,NO_BREAKOUT,,,
2025.01.29,2025.01.29 12:00:00,2758.18,2763.37,2757.04,29.409,2765.11,2734.81,2771.48,2614.808,LONG,29.409,YES,NO,NONE,NO_BREAKOUT,,,
2025.01.29,2025.01.29 13:00:00,2758.99,2759.77,2757.46,29.409,2765.11,2734.81,2771.48,2614.855,LONG,29.409,YES,NO,NONE,NO_BREAKOUT,,,
2025.01.29,2025.01.29 14:00:00,2756.59,2759.00,2755.59,29.409,2765.11,2734.81,2771.48,2614.685,LONG,29.409,YES,NO,NONE,NO_BREAKOUT,,,
2025.01.29,2025.01.29 15:00:00,2758.74,2759.54,2752.23,29.409,2765.11,2734.81,2771.48,2614.852,LONG,29.409,YES,NO,NONE,NO_BREAKOUT,,,
2025.01.29,2025.01.29 16:00:00,2759.37,2761.07,2756.12,29.409,2765.11,2734.81,2771.48,2614.903,LONG,29.409,YES,NO,NONE,NO_BREAKOUT,,,
2025.01.29,2025.01.29 17:00:00,2754.20,2759.75,2748.52,29.409,2765.11,2734.81,2771.48,2614.526,LONG,29.409,YES,NO,NONE,NO_BREAKOUT,,,
2025.01.29,2025.01.29 18:00:00,2751.54,2756.25,2748.49,29.409,2765.11,2734.81,2771.48,2614.318,LONG,29.409,YES,NO,NONE,NO_BREAKOUT,,,
2025.01.29,2025.01.29 19:00:00,2752.94,2754.37,2750.96,29.409,2765.11,2734.81,2771.48,2614.406,LONG,29.409,YES,NO,NONE,NO_BREAKOUT,,,
2025.01.29,2025.01.29 20:00:00,2751.14,2753.89,2748.79,29.409,2765.11,2734.81,2771.48,2614.297,LONG,29.409,YES,NO,NONE,NO_BREAKOUT,,,
2025.01.29,2025.01.29 21:00:00,2755.24,2757.98,2744.76,29.409,2765.11,2734.81,2771.48,2614.574,LONG,29.409,YES,NO,NONE,NO_BREAKOUT,,,
2025.01.29,2025.01.29 22:00:00,2755.01,2759.04,2752.75,29.409,2765.11,2734.81,2771.48,2614.564,LONG,29.409,YES,NO,NONE,NO_BREAKOUT,,,
2025.01.29,2025.01.29 23:00:00,2759.68,2759.77,2754.02,29.317,2766.20,2744.76,2771.48,2614.908,LONG,29.317,YES,NO,NONE,NO_BREAKOUT,,,
2025.01.30,2025.01.30 01:00:00,2760.29,2760.70,2758.23,29.317,2766.20,2744.76,2771.48,2614.960,LONG,29.317,YES,NO,NONE,NO_BREAKOUT,,,
2025.01.30,2025.01.30 02:00:00,2762.11,2762.55,2758.98,29.317,2766.20,2744.76,2771.48,2615.089,LONG,29.317,YES,NO,NONE,NO_BREAKOUT,,,
2025.01.30,2025.01.30 03:00:00,2760.13,2762.05,2759.02,29.317,2766.20,2744.76,2771.48,2614.941,LONG,29.317,YES,NO,NONE,NO_BREAKOUT,,,
2025.01.30,2025.01.30 04:00:00,2760.33,2761.91,2759.18,29.317,2766.20,2744.76,2771.48,2614.960,LONG,29.317,YES,NO,NONE,NO_BREAKOUT,,,
2025.01.30,2025.01.30 05:00:00,2761.76,2762.41,2759.28,29.317,2766.20,2744.76,2771.48,2615.060,LONG,29.317,YES,NO,NONE,NO_BREAKOUT,,,
2025.01.30,2025.01.30 06:00:00,2760.49,2763.45,2759.87,29.317,2766.20,2744.76,2771.48,2614.975,LONG,29.317,YES,NO,NONE,NO_BREAKOUT,,,
2025.01.30,2025.01.30 07:00:00,2760.58,2761.17,2758.70,29.317,2766.20,2744.76,2771.48,2614.980,LONG,29.317,YES,NO,NONE,NO_BREAKOUT,,,
2025.01.30,2025.01.30 08:00:00,2765.61,2766.38,2760.25,29.317,2766.20,2744.76,2771.48,2615.351,LONG,29.317,YES,NO,NONE,NO_BREAKOUT,,,
2025.01.30,2025.01.30 09:00:00,2769.14,2769.58,2765.00,29.317,2766.20,2744.76,2771.48,2615.624,LONG,29.317,YES,NO,NONE,NO_BREAKOUT,,,
2025.01.30,2025.01.30 10:00:00,2776.21,2776.71,2768.58,29.317,2766.20,2744.76,2771.48,2616.159,LONG,29.317,YES,NO,NONE,NO_BREAKOUT,,,
2025.01.30,2025.01.30 11:00:00,2774.36,2776.62,2771.56,29.317,2766.20,2744.76,2771.48,2615.991,LONG,29.317,YES,NO,NONE,NO_BREAKOUT,,,
2025.01.30,2025.01.30 12:00:00,2778.32,2779.26,2773.94,29.317,2766.20,2744.76,2771.48,2616.294,LONG,29.317,YES,NO,NONE,NO_BREAKOUT,,,
2025.01.30,2025.01.30 13:00:00,2777.68,2779.44,2777.11,29.317,2766.20,2744.76,2771.48,2616.244,LONG,29.317,YES,NO,NONE,NO_BREAKOUT,,,
2025.01.30,2025.01.30 14:00:00,2780.08,2781.15,2776.21,29.317,2766.20,2744.76,2771.48,2616.423,LONG,29.317,YES,NO,NONE,NO_BREAKOUT,,,
2025.01.30,2025.01.30 15:00:00,2785.66,2786.01,2778.25,29.317,2766.20,2744.76,2771.48,2616.849,LONG,29.317,YES,NO,NONE,NO_BREAKOUT,,,
2025.01.30,2025.01.30 16:00:00,2787.62,2789.13,2780.15,29.317,2766.20,2744.76,2771.48,2617.010,LONG,29.317,YES,NO,NONE,NO_BREAKOUT,,,
2025.01.30,2025.01.30 17:00:00,2795.41,2796.69,2786.61,29.317,2766.20,2744.76,2771.48,2617.541,LONG,29.317,YES,NO,NONE,NO_BREAKOUT,,,
2025.01.30,2025.01.30 18:00:00,2790.58,2798.32,2790.29,29.317,2766.20,2744.76,2771.48,2617.248,LONG,29.317,YES,NO,NONE,NO_BREAKOUT,,,
2025.01.30,2025.01.30 19:00:00,2795.61,2795.90,2788.77,29.317,2766.20,2744.76,2771.48,2617.575,LONG,29.317,YES,NO,LONG,,2795.61,2751.63,2883.56
2025.01.30,2025.01.30 20:00:00,2795.23,2797.10,2792.07,29.317,2766.20,2744.76,2771.48,2617.546,LONG,29.317,YES,NO,NONE,TRADE_ALREADY_TAKEN,,,
2025.01.30,2025.01.30 21:00:00,2793.40,2795.36,2790.76,29.317,2766.20,2744.76,2771.48,2617.409,LONG,29.317,YES,NO,NONE,TRADE_ALREADY_TAKEN,,,
2025.01.30,2025.01.30 22:00:00,2795.68,2798.22,2792.30,29.317,2766.20,2744.76,2771.48,2617.569,LONG,29.317,YES,NO,NONE,TRADE_ALREADY_TAKEN,,,
