date,bar_time_gmt,bar_close,w1_ema,trend_dir,asian_high,asian_low,asian_range_pips,range_ok,in_london,signal,skip_reason,entry_price,sl,tp
2023-01-03,2023.01.03 07:00:00,1.20693,1.19471,LONG,1.20848,1.20347,50.1,YES,YES,NONE,NO_BREAKOUT,,,
2023-01-03,2023.01.03 08:00:00,1.20629,1.19471,LONG,1.20848,1.20347,50.1,YES,YES,NONE,NO_BREAKOUT,,,
2023-01-03,2023.01.03 09:00:00,1.20284,1.19471,LONG,1.20848,1.20347,50.1,YES,YES,NONE,NO_BREAKOUT,,,
2023-01-04,2023.01.04 07:00:00,1.19846,1.19471,LONG,1.20011,1.19572,43.9,YES,YES,NONE,NO_BREAKOUT,,,
2023-01-04,2023.01.04 08:00:00,1.19862,1.19471,LONG,1.20011,1.19572,43.9,YES,YES,NONE,NO_BREAKOUT,,,
2023-01-04,2023.01.04 09:00:00,1.20268,1.19471,LONG,1.20011,1.19572,43.9,YES,YES,LONG,,1.20011,1.19572,1.20670
2023-01-05,2023.01.05 07:00:00,1.20373,1.19471,LONG,1.20778,1.20321,45.7,YES,YES,NONE,NO_BREAKOUT,,,
2023-01-05,2023.01.05 08:00:00,1.20236,1.19471,LONG,1.20778,1.20321,45.7,YES,YES,NONE,NO_BREAKOUT,,,
2023-01-05,2023.01.05 09:00:00,1.20075,1.19471,LONG,1.20778,1.20321,45.7,YES,YES,NONE,NO_BREAKOUT,,,
2023-01-06,2023.01.06 07:00:00,1.19039,1.19471,SHORT,1.19354,1.18795,55.9,YES,YES,NONE,NO_BREAKOUT,,,
2023-01-06,2023.01.06 08:00:00,1.19067,1.19471,SHORT,1.19354,1.18795,55.9,YES,YES,NONE,NO_BREAKOUT,,,
2023-01-06,2023.01.06 09:00:00,1.18908,1.19471,SHORT,1.19354,1.18795,55.9,YES,YES,NONE,NO_BREAKOUT,,,
2023-01-10,2023.01.10 07:00:00,1.21748,1.19580,LONG,1.21982,1.21567,41.5,YES,YES,NONE,NO_BREAKOUT,,,
2023-01-10,2023.01.10 08:00:00,1.21709,1.19580,LONG,1.21982,1.21567,41.5,YES,YES,NONE,NO_BREAKOUT,,,
2023-01-10,2023.01.10 09:00:00,1.21495,1.19580,LONG,1.21982,1.21567,41.5,YES,YES,NONE,NO_BREAKOUT,,,
2023-01-11,2023.01.11 07:00:00,1.21687,1.19580,LONG,1.21638,1.21364,27.4,YES,YES,LONG,,1.21638,1.21364,1.22049
2023-01-12,2023.01.12 07:00:00,1.21559,1.19580,LONG,1.21699,1.21303,39.6,YES,YES,NONE,NO_BREAKOUT,,,
2023-01-12,2023.01.12 08:00:00,1.21457,1.19580,LONG,1.21699,1.21303,39.6,YES,YES,NONE,NO_BREAKOUT,,,
2023-01-12,2023.01.12 09:00:00,1.21481,1.19580,LONG,1.21699,1.21303,39.6,YES,YES,NONE,NO_BREAKOUT,,,
2023-01-13,2023.01.13 07:00:00,1.21810,1.19580,LONG,1.22325,1.21867,45.8,YES,YES,NONE,NO_BREAKOUT,,,
2023-01-13,2023.01.13 08:00:00,1.22012,1.19580,LONG,1.22325,1.21867,45.8,YES,YES,NONE,NO_BREAKOUT,,,
2023-01-13,2023.01.13 09:00:00,1.22127,1.19580,LONG,1.22325,1.21867,45.8,YES,YES,NONE,NO_BREAKOUT,,,
2023-01-17,2023.01.17 07:00:00,1.22009,1.19786,LONG,1.22129,1.21718,41.1,YES,YES,NONE,NO_BREAKOUT,,,
2023-01-17,2023.01.17 08:00:00,1.21734,1.19786,LONG,1.22129,1.21718,41.1,YES,YES,NONE,NO_BREAKOUT,,,
2023-01-17,2023.01.17 09:00:00,1.22148,1.19786,LONG,1.22129,1.21718,41.1,YES,YES,LONG,,1.22129,1.21718,1.22746
2023-01-18,2023.01.18 07:00:00,1.22823,1.19786,LONG,1.22917,1.22538,37.9,YES,YES,NONE,NO_BREAKOUT,,,
2023-01-18,2023.01.18 08:00:00,1.22902,1.19786,LONG,1.22917,1.22538,37.9,YES,YES,NONE,NO_BREAKOUT,,,
2023-01-18,2023.01.18 09:00:00,1.23150,1.19786,LONG,1.22917,1.22538,37.9,YES,YES,LONG,,1.22917,1.22538,1.23486
2023-01-19,2023.01.19 07:00:00,1.23309,1.19786,LONG,1.23502,1.23185,31.7,YES,YES,NONE,NO_BREAKOUT,,,
2023-01-19,2023.01.19 08:00:00,1.23277,1.19786,LONG,1.23502,1.23185,31.7,YES,YES,NONE,NO_BREAKOUT,,,
2023-01-19,2023.01.19 09:00:00,1.23341,1.19786,LONG,1.23502,1.23185,31.7,YES,YES,NONE,NO_BREAKOUT,,,
2023-01-20,2023.01.20 07:00:00,1.23788,1.19786,LONG,1.23979,1.23683,29.6,YES,YES,NONE,NO_BREAKOUT,,,
2023-01-20,2023.01.20 08:00:00,1.23664,1.19786,LONG,1.23979,1.23683,29.6,YES,YES,NONE,NO_BREAKOUT,,,
2023-01-20,2023.01.20 09:00:00,1.23637,1.19786,LONG,1.23979,1.23683,29.6,YES,YES,NONE,NO_BREAKOUT,,,
2023-01-23,2023.01.23 07:00:00,1.24139,1.20097,LONG,1.24477,1.23963,51.4,YES,YES,NONE,NO_BREAKOUT,,,
2023-01-23,2023.01.23 08:00:00,1.24175,1.20097,LONG,1.24477,1.23963,51.4,YES,YES,NONE,NO_BREAKOUT,,,
2023-01-23,2023.01.23 09:00:00,1.24174,1.20097,LONG,1.24477,1.23963,51.4,YES,YES,NONE,NO_BREAKOUT,,,
2023-01-24,2023.01.24 07:00:00,1.23867,1.20097,LONG,1.23909,1.23712,19.7,YES,YES,NONE,NO_BREAKOUT,,,
2023-01-24,2023.01.24 08:00:00,1.24027,1.20097,LONG,1.23909,1.23712,19.7,YES,YES,LONG,,1.23909,1.23712,1.24205
2023-01-25,2023.01.25 07:00:00,1.23220,1.20097,LONG,1.23384,1.23112,27.2,YES,YES,NONE,NO_BREAKOUT,,,
2023-01-25,2023.01.25 08:00:00,1.23298,1.20097,LONG,1.23384,1.23112,27.2,YES,YES,NONE,NO_BREAKOUT,,,
2023-01-25,2023.01.25 09:00:00,1.23171,1.20097,LONG,1.23384,1.23112,27.2,YES,YES,NONE,NO_BREAKOUT,,,
2023-01-26,2023.01.26 07:00:00,1.24008,1.20097,LONG,1.24181,1.23920,26.1,YES,YES,NONE,NO_BREAKOUT,,,
2023-01-26,2023.01.26 08:00:00,1.24014,1.20097,LONG,1.24181,1.23920,26.1,YES,YES,NONE,NO_BREAKOUT,,,
2023-01-26,2023.01.26 09:00:00,1.24087,1.20097,LONG,1.24181,1.23920,26.1,YES,YES,NONE,NO_BREAKOUT,,,
2023-01-27,2023.01.27 07:00:00,1.23813,1.20097,LONG,1.24184,1.23789,39.5,YES,YES,NONE,NO_BREAKOUT,,,
2023-01-27,2023.01.27 08:00:00,1.23695,1.20097,LONG,1.24184,1.23789,39.5,YES,YES,NONE,NO_BREAKOUT,,,
2023-01-27,2023.01.27 09:00:00,1.23757,1.20097,LONG,1.24184,1.23789,39.5,YES,YES,NONE,NO_BREAKOUT,,,
2023-01-30,2023.01.30 07:00:00,1.23966,1.20385,LONG,1.24058,1.23787,27.1,YES,YES,NONE,NO_BREAKOUT,,,
2023-01-30,2023.01.30 08:00:00,1.23926,1.20385,LONG,1.24058,1.23787,27.1,YES,YES,NONE,NO_BREAKOUT,,,
2023-01-30,2023.01.30 09:00:00,1.23794,1.20385,LONG,1.24058,1.23787,27.1,YES,YES,NONE,NO_BREAKOUT,,,
2023-01-31,2023.01.31 07:00:00,1.23382,1.20385,LONG,1.23707,1.23310,39.7,YES,YES,NONE,NO_BREAKOUT,,,
2023-01-31,2023.01.31 08:00:00,1.23463,1.20385,LONG,1.23707,1.23310,39.7,YES,YES,NONE,NO_BREAKOUT,,,
2023-01-31,2023.01.31 09:00:00,1.23492,1.20385,LONG,1.23707,1.23310,39.7,YES,YES,NONE,NO_BREAKOUT,,,
2023-02-01,2023.02.01 07:00:00,1.23148,1.20385,LONG,1.23273,1.23032,24.1,YES,YES,NONE,NO_BREAKOUT,,,
2023-02-01,2023.02.01 08:00:00,1.23227,1.20385,LONG,1.23273,1.23032,24.1,YES,YES,NONE,NO_BREAKOUT,,,
2023-02-01,2023.02.01 09:00:00,1.23194,1.20385,LONG,1.23273,1.23032,24.1,YES,YES,NONE,NO_BREAKOUT,,,
2023-02-02,2023.02.02 07:00:00,1.23907,1.20385,LONG,1.24010,1.23685,32.5,YES,YES,NONE,NO_BREAKOUT,,,
2023-02-02,2023.02.02 08:00:00,1.23843,1.20385,LONG,1.24010,1.23685,32.5,YES,YES,NONE,NO_BREAKOUT,,,
2023-02-02,2023.02.02 09:00:00,1.23733,1.20385,LONG,1.24010,1.23685,32.5,YES,YES,NONE,NO_BREAKOUT,,,
2023-02-03,2023.02.03 07:00:00,1.22135,1.20385,LONG,1.22316,1.22021,29.5,YES,YES,NONE,NO_BREAKOUT,,,
2023-02-03,2023.02.03 08:00:00,1.22215,1.20385,LONG,1.22316,1.22021,29.5,YES,YES,NONE,NO_BREAKOUT,,,
2023-02-03,2023.02.03 09:00:00,1.21983,1.20385,LONG,1.22316,1.22021,29.5,YES,YES,NONE,NO_BREAKOUT,,,
2023-02-06,2023.02.06 07:00:00,1.20676,1.20394,LONG,1.20631,1.20297,33.4,YES,YES,LONG,,1.20631,1.20297,1.21132
2023-02-07,2023.02.07 07:00:00,1.20486,1.20394,LONG,1.20551,1.20158,39.3,YES,YES,NONE,NO_BREAKOUT,,,
2023-02-07,2023.02.07 08:00:00,1.20426,1.20394,LONG,1.20551,1.20158,39.3,YES,YES,NONE,NO_BREAKOUT,,,
2023-02-07,2023.02.07 09:00:00,1.20227,1.20394,SHORT,1.20551,1.20158,39.3,YES,YES,NONE,NO_BREAKOUT,,,
2023-02-08,2023.02.08 07:00:00,1.20533,1.20394,LONG,1.20612,1.20300,31.2,YES,YES,NONE,NO_BREAKOUT,,,
2023-02-08,2023.02.08 08:00:00,1.20465,1.20394,LONG,1.20612,1.20300,31.2,YES,YES,NONE,NO_BREAKOUT,,,
2023-02-08,2023.02.08 09:00:00,1.20993,1.20394,LONG,1.20612,1.20300,31.2,YES,YES,LONG,,1.20612,1.20300,1.21080
2023-02-09,2023.02.09 07:00:00,1.20882,1.20394,LONG,1.20865,1.20566,29.9,YES,YES,LONG,,1.20865,1.20566,1.21314
2023-02-10,2023.02.10 07:00:00,1.21012,1.20394,LONG,1.21279,1.20893,38.6,YES,YES,NONE,NO_BREAKOUT,,,
2023-02-10,2023.02.10 08:00:00,1.21062,1.20394,LONG,1.21279,1.20893,38.6,YES,YES,NONE,NO_BREAKOUT,,,
2023-02-10,2023.02.10 09:00:00,1.21203,1.20394,LONG,1.21279,1.20893,38.6,YES,YES,NONE,NO_BREAKOUT,,,
2023-02-13,2023.02.13 07:00:00,1.20451,1.20407,LONG,1.20647,1.20332,31.5,YES,YES,NONE,NO_BREAKOUT,,,
2023-02-13,2023.02.13 08:00:00,1.20504,1.20407,LONG,1.20647,1.20332,31.5,YES,YES,NONE,NO_BREAKOUT,,,
2023-02-13,2023.02.13 09:00:00,1.20636,1.20407,LONG,1.20647,1.20332,31.5,YES,YES,NONE,NO_BREAKOUT,,,
2023-02-14,2023.02.14 07:00:00,1.21464,1.20407,LONG,1.21522,1.21254,26.8,YES,YES,NONE,NO_BREAKOUT,,,
2023-02-14,2023.02.14 08:00:00,1.21458,1.20407,LONG,1.21522,1.21254,26.8,YES,YES,NONE,NO_BREAKOUT,,,
2023-02-14,2023.02.14 09:00:00,1.21388,1.20407,LONG,1.21522,1.21254,26.8,YES,YES,NONE,NO_BREAKOUT,,,
2023-02-15,2023.02.15 07:00:00,1.21493,1.20407,LONG,1.21814,1.21441,37.3,YES,YES,NONE,NO_BREAKOUT,,,
2023-02-15,2023.02.15 08:00:00,1.21386,1.20407,LONG,1.21814,1.21441,37.3,YES,YES,NONE,NO_BREAKOUT,,,
2023-02-15,2023.02.15 09:00:00,1.20830,1.20407,LONG,1.21814,1.21441,37.3,YES,YES,NONE,NO_BREAKOUT,,,
2023-02-16,2023.02.16 07:00:00,1.20456,1.20407,LONG,1.20527,1.20119,40.8,YES,YES,NONE,NO_BREAKOUT,,,
2023-02-16,2023.02.16 08:00:00,1.20358,1.20407,SHORT,1.20527,1.20119,40.8,YES,YES,NONE,NO_BREAKOUT,,,
2023-02-16,2023.02.16 09:00:00,1.20464,1.20407,LONG,1.20527,1.20119,40.8,YES,YES,NONE,NO_BREAKOUT,,,
2023-02-17,2023.02.17 07:00:00,1.19480,1.20407,SHORT,1.19938,1.19413,52.5,YES,YES,NONE,NO_BREAKOUT,,,
2023-02-17,2023.02.17 08:00:00,1.19410,1.20407,SHORT,1.19938,1.19413,52.5,YES,YES,SHORT,,1.19413,1.19938,1.18626
2023-02-20,2023.02.20 07:00:00,1.20422,1.20407,LONG,1.20407,1.20144,26.3,YES,YES,LONG,,1.20407,1.20144,1.20802
2023-02-21,2023.02.21 07:00:00,1.20301,1.20407,SHORT,1.20436,1.20129,30.7,YES,YES,NONE,NO_BREAKOUT,,,
2023-02-21,2023.02.21 08:00:00,1.20274,1.20407,SHORT,1.20436,1.20129,30.7,YES,YES,NONE,NO_BREAKOUT,,,
2023-02-21,2023.02.21 09:00:00,1.20151,1.20407,SHORT,1.20436,1.20129,30.7,YES,YES,NONE,NO_BREAKOUT,,,
2023-02-22,2023.02.22 07:00:00,1.21062,1.20407,LONG,1.21353,1.21033,32.0,YES,YES,NONE,NO_BREAKOUT,,,
2023-02-22,2023.02.22 08:00:00,1.21089,1.20407,LONG,1.21353,1.21033,32.0,YES,YES,NONE,NO_BREAKOUT,,,
2023-02-22,2023.02.22 09:00:00,1.21142,1.20407,LONG,1.21353,1.21033,32.0,YES,YES,NONE,NO_BREAKOUT,,,
2023-02-23,2023.02.23 07:00:00,1.20606,1.20407,LONG,1.20679,1.20358,32.1,YES,YES,NONE,NO_BREAKOUT,,,
2023-02-23,2023.02.23 08:00:00,1.20672,1.20407,LONG,1.20679,1.20358,32.1,YES,YES,NONE,NO_BREAKOUT,,,
2023-02-23,2023.02.23 09:00:00,1.20605,1.20407,LONG,1.20679,1.20358,32.1,YES,YES,NONE,NO_BREAKOUT,,,
2023-02-24,2023.02.24 07:00:00,1.20229,1.20407,SHORT,1.20328,1.20071,25.7,YES,YES,NONE,NO_BREAKOUT,,,
2023-02-24,2023.02.24 08:00:00,1.20176,1.20407,SHORT,1.20328,1.20071,25.7,YES,YES,NONE,NO_BREAKOUT,,,
2023-02-24,2023.02.24 09:00:00,1.20269,1.20407,SHORT,1.20328,1.20071,25.7,YES,YES,NONE,NO_BREAKOUT,,,
2023-02-27,2023.02.27 07:00:00,1.19381,1.20332,SHORT,1.19640,1.19378,26.2,YES,YES,NONE,NO_BREAKOUT,,,
2023-02-27,2023.02.27 08:00:00,1.19314,1.20332,SHORT,1.19640,1.19378,26.2,YES,YES,SHORT,,1.19378,1.19640,1.18985
2023-02-28,2023.02.28 07:00:00,1.20402,1.20332,LONG,1.20680,1.20401,27.9,YES,YES,NONE,NO_BREAKOUT,,,
2023-02-28,2023.02.28 08:00:00,1.20461,1.20332,LONG,1.20680,1.20401,27.9,YES,YES,NONE,NO_BREAKOUT,,,
2023-02-28,2023.02.28 09:00:00,1.20365,1.20332,LONG,1.20680,1.20401,27.9,YES,YES,NONE,NO_BREAKOUT,,,
2023-03-01,2023.03.01 07:00:00,1.20405,1.20332,LONG,1.20417,1.19857,56.0,YES,YES,NONE,NO_BREAKOUT,,,
2023-03-01,2023.03.01 08:00:00,1.20524,1.20332,LONG,1.20417,1.19857,56.0,YES,YES,LONG,,1.20417,1.19857,1.21257
2023-03-02,2023.03.02 07:00:00,1.19882,1.20332,SHORT,1.20362,1.19981,38.1,YES,YES,SHORT,,1.19981,1.20362,1.19410
2023-03-03,2023.03.03 07:00:00,1.19646,1.20332,SHORT,1.19767,1.19319,44.8,YES,YES,NONE,NO_BREAKOUT,,,
2023-03-03,2023.03.03 08:00:00,1.19835,1.20332,SHORT,1.19767,1.19319,44.8,YES,YES,NONE,NO_BREAKOUT,,,
2023-03-03,2023.03.03 09:00:00,1.19722,1.20332,SHORT,1.19767,1.19319,44.8,YES,YES,NONE,NO_BREAKOUT,,,
2023-03-06,2023.03.06 07:00:00,1.20361,1.20339,LONG,1.20479,1.20179,30.0,YES,YES,NONE,NO_BREAKOUT,,,
2023-03-06,2023.03.06 08:00:00,1.20274,1.20339,SHORT,1.20479,1.20179,30.0,YES,YES,NONE,NO_BREAKOUT,,,
2023-03-06,2023.03.06 09:00:00,1.20368,1.20339,LONG,1.20479,1.20179,30.0,YES,YES,NONE,NO_BREAKOUT,,,
2023-03-07,2023.03.07 07:00:00,1.20367,1.20339,LONG,1.20479,1.20068,41.1,YES,YES,NONE,NO_BREAKOUT,,,
2023-03-07,2023.03.07 08:00:00,1.20353,1.20339,LONG,1.20479,1.20068,41.1,YES,YES,NONE,NO_BREAKOUT,,,
2023-03-07,2023.03.07 09:00:00,1.20490,1.20339,LONG,1.20479,1.20068,41.1,YES,YES,LONG,,1.20479,1.20068,1.21096
2023-03-08,2023.03.08 07:00:00,1.18212,1.20339,SHORT,1.18361,1.18098,26.3,YES,YES,NONE,NO_BREAKOUT,,,
2023-03-08,2023.03.08 08:00:00,1.18308,1.20339,SHORT,1.18361,1.18098,26.3,YES,YES,NONE,NO_BREAKOUT,,,
2023-03-08,2023.03.08 09:00:00,1.18248,1.20339,SHORT,1.18361,1.18098,26.3,YES,YES,NONE,NO_BREAKOUT,,,
2023-03-09,2023.03.09 07:00:00,1.18544,1.20339,SHORT,1.18559,1.18238,32.1,YES,YES,NONE,NO_BREAKOUT,,,
2023-03-09,2023.03.09 08:00:00,1.18560,1.20339,SHORT,1.18559,1.18238,32.1,YES,YES,NONE,NO_BREAKOUT,,,
2023-03-09,2023.03.09 09:00:00,1.18495,1.20339,SHORT,1.18559,1.18238,32.1,YES,YES,NONE,NO_BREAKOUT,,,
2023-03-10,2023.03.10 07:00:00,1.19240,1.20339,SHORT,1.19331,1.19075,25.6,YES,YES,NONE,NO_BREAKOUT,,,
2023-03-10,2023.03.10 08:00:00,1.19299,1.20339,SHORT,1.19331,1.19075,25.6,YES,YES,NONE,NO_BREAKOUT,,,
2023-03-10,2023.03.10 09:00:00,1.19552,1.20339,SHORT,1.19331,1.19075,25.6,YES,YES,NONE,NO_BREAKOUT,,,
2023-03-14,2023.03.14 07:00:00,1.21592,1.20337,LONG,1.21885,1.21447,43.8,YES,YES,NONE,NO_BREAKOUT,,,
2023-03-14,2023.03.14 08:00:00,1.21658,1.20337,LONG,1.21885,1.21447,43.8,YES,YES,NONE,NO_BREAKOUT,,,
2023-03-14,2023.03.14 09:00:00,1.21547,1.20337,LONG,1.21885,1.21447,43.8,YES,YES,NONE,NO_BREAKOUT,,,
2023-03-15,2023.03.15 07:00:00,1.21561,1.20337,LONG,1.21815,1.21465,35.0,YES,YES,NONE,NO_BREAKOUT,,,
2023-03-15,2023.03.15 08:00:00,1.21543,1.20337,LONG,1.21815,1.21465,35.0,YES,YES,NONE,NO_BREAKOUT,,,
2023-03-15,2023.03.15 09:00:00,1.21568,1.20337,LONG,1.21815,1.21465,35.0,YES,YES,NONE,NO_BREAKOUT,,,
2023-03-16,2023.03.16 07:00:00,1.20728,1.20337,LONG,1.20818,1.20411,40.7,YES,YES,NONE,NO_BREAKOUT,,,
2023-03-16,2023.03.16 08:00:00,1.20741,1.20337,LONG,1.20818,1.20411,40.7,YES,YES,NONE,NO_BREAKOUT,,,
2023-03-16,2023.03.16 09:00:00,1.20952,1.20337,LONG,1.20818,1.20411,40.7,YES,YES,LONG,,1.20818,1.20411,1.21429
2023-03-17,2023.03.17 07:00:00,1.21589,1.20337,LONG,1.21484,1.21018,46.6,YES,YES,LONG,,1.21484,1.21018,1.22183
2023-03-20,2023.03.20 07:00:00,1.21899,1.20443,LONG,1.22033,1.21686,34.7,YES,YES,NONE,NO_BREAKOUT,,,
2023-03-20,2023.03.20 08:00:00,1.21839,1.20443,LONG,1.22033,1.21686,34.7,YES,YES,NONE,NO_BREAKOUT,,,
2023-03-20,2023.03.20 09:00:00,1.21895,1.20443,LONG,1.22033,1.21686,34.7,YES,YES,NONE,NO_BREAKOUT,,,
2023-03-21,2023.03.21 07:00:00,1.22597,1.20443,LONG,1.22824,1.22482,34.2,YES,YES,NONE,NO_BREAKOUT,,,
2023-03-21,2023.03.21 08:00:00,1.22522,1.20443,LONG,1.22824,1.22482,34.2,YES,YES,NONE,NO_BREAKOUT,,,
2023-03-21,2023.03.21 09:00:00,1.22365,1.20443,LONG,1.22824,1.22482,34.2,YES,YES,NONE,NO_BREAKOUT,,,
2023-03-22,2023.03.22 07:00:00,1.22287,1.20443,LONG,1.22365,1.22083,28.2,YES,YES,NONE,NO_BREAKOUT,,,
2023-03-22,2023.03.22 08:00:00,1.22288,1.20443,LONG,1.22365,1.22083,28.2,YES,YES,NONE,NO_BREAKOUT,,,
2023-03-22,2023.03.22 09:00:00,1.22596,1.20443,LONG,1.22365,1.22083,28.2,YES,YES,LONG,,1.22365,1.22083,1.22788
2023-03-24,2023.03.24 07:00:00,1.22856,1.20443,LONG,1.22920,1.22614,30.6,YES,YES,NONE,NO_BREAKOUT,,,
2023-03-24,2023.03.24 08:00:00,1.22672,1.20443,LONG,1.22920,1.22614,30.6,YES,YES,NONE,NO_BREAKOUT,,,
2023-03-24,2023.03.24 09:00:00,1.22711,1.20443,LONG,1.22920,1.22614,30.6,YES,YES,NONE,NO_BREAKOUT,,,
2023-03-27,2023.03.27 07:00:00,1.22378,1.20581,LONG,1.22511,1.22205,30.6,YES,YES,NONE,NO_BREAKOUT,,,
2023-03-27,2023.03.27 08:00:00,1.22365,1.20581,LONG,1.22511,1.22205,30.6,YES,YES,NONE,NO_BREAKOUT,,,
2023-03-27,2023.03.27 09:00:00,1.22455,1.20581,LONG,1.22511,1.22205,30.6,YES,YES,NONE,NO_BREAKOUT,,,
2023-03-28,2023.03.28 07:00:00,1.23154,1.20581,LONG,1.23212,1.22751,46.1,YES,YES,NONE,NO_BREAKOUT,,,
2023-03-28,2023.03.28 08:00:00,1.23154,1.20581,LONG,1.23212,1.22751,46.1,YES,YES,NONE,NO_BREAKOUT,,,
2023-03-28,2023.03.28 09:00:00,1.23217,1.20581,LONG,1.23212,1.22751,46.1,YES,YES,LONG,,1.23212,1.22751,1.23904
2023-03-29,2023.03.29 07:00:00,1.23292,1.20581,LONG,1.23415,1.23206,20.9,YES,YES,NONE,NO_BREAKOUT,,,
2023-03-29,2023.03.29 08:00:00,1.23142,1.20581,LONG,1.23415,1.23206,20.9,YES,YES,NONE,NO_BREAKOUT,,,
2023-03-29,2023.03.29 09:00:00,1.23245,1.20581,LONG,1.23415,1.23206,20.9,YES,YES,NONE,NO_BREAKOUT,,,
2023-03-30,2023.03.30 07:00:00,1.23116,1.20581,LONG,1.23178,1.22935,24.3,YES,YES,NONE,NO_BREAKOUT,,,
2023-03-30,2023.03.30 08:00:00,1.23222,1.20581,LONG,1.23178,1.22935,24.3,YES,YES,LONG,,1.23178,1.22935,1.23543
2023-03-31,2023.03.31 07:00:00,1.23952,1.20581,LONG,1.24227,1.23761,46.6,YES,YES,NONE,NO_BREAKOUT,,,
2023-03-31,2023.03.31 08:00:00,1.23822,1.20581,LONG,1.24227,1.23761,46.6,YES,YES,NONE,NO_BREAKOUT,,,
2023-03-31,2023.03.31 09:00:00,1.23969,1.20581,LONG,1.24227,1.23761,46.6,YES,YES,NONE,NO_BREAKOUT,,,
2023-04-03,2023.04.03 07:00:00,1.22810,1.20783,LONG,1.23324,1.22762,56.2,YES,YES,NONE,NO_BREAKOUT,,,
2023-04-03,2023.04.03 08:00:00,1.22825,1.20783,LONG,1.23324,1.22762,56.2,YES,YES,NONE,NO_BREAKOUT,,,
2023-04-03,2023.04.03 09:00:00,1.22955,1.20783,LONG,1.23324,1.22762,56.2,YES,YES,NONE,NO_BREAKOUT,,,
2023-04-04,2023.04.04 07:00:00,1.24103,1.20783,LONG,1.24250,1.23986,26.4,YES,YES,NONE,NO_BREAKOUT,,,
2023-04-04,2023.04.04 08:00:00,1.24013,1.20783,LONG,1.24250,1.23986,26.4,YES,YES,NONE,NO_BREAKOUT,,,
2023-04-04,2023.04.04 09:00:00,1.24244,1.20783,LONG,1.24250,1.23986,26.4,YES,YES,NONE,NO_BREAKOUT,,,
2023-04-05,2023.04.05 07:00:00,1.24849,1.20783,LONG,1.25104,1.24831,27.3,YES,YES,NONE,NO_BREAKOUT,,,
2023-04-05,2023.04.05 08:00:00,1.24922,1.20783,LONG,1.25104,1.24831,27.3,YES,YES,NONE,NO_BREAKOUT,,,
2023-04-05,2023.04.05 09:00:00,1.24840,1.20783,LONG,1.25104,1.24831,27.3,YES,YES,NONE,NO_BREAKOUT,,,
2023-04-06,2023.04.06 07:00:00,1.24460,1.20783,LONG,1.24666,1.24368,29.8,YES,YES,NONE,NO_BREAKOUT,,,
2023-04-06,2023.04.06 08:00:00,1.24505,1.20783,LONG,1.24666,1.24368,29.8,YES,YES,NONE,NO_BREAKOUT,,,
2023-04-06,2023.04.06 09:00:00,1.24626,1.20783,LONG,1.24666,1.24368,29.8,YES,YES,NONE,NO_BREAKOUT,,,
2023-04-07,2023.04.07 07:00:00,1.24478,1.20783,LONG,1.24495,1.24319,17.6,YES,YES,NONE,NO_BREAKOUT,,,
2023-04-07,2023.04.07 08:00:00,1.24496,1.20783,LONG,1.24495,1.24319,17.6,YES,YES,LONG,,1.24495,1.24319,1.24759
2023-04-10,2023.04.10 07:00:00,1.24057,1.21033,LONG,1.24339,1.24073,26.6,YES,YES,NONE,NO_BREAKOUT,,,
2023-04-10,2023.04.10 08:00:00,1.24089,1.21033,LONG,1.24339,1.24073,26.6,YES,YES,NONE,NO_BREAKOUT,,,
2023-04-10,2023.04.10 09:00:00,1.24160,1.21033,LONG,1.24339,1.24073,26.6,YES,YES,NONE,NO_BREAKOUT,,,
2023-04-11,2023.04.11 07:00:00,1.24036,1.21033,LONG,1.24132,1.23769,36.3,YES,YES,NONE,NO_BREAKOUT,,,
2023-04-11,2023.04.11 08:00:00,1.24170,1.21033,LONG,1.24132,1.23769,36.3,YES,YES,LONG,,1.24132,1.23769,1.24677
2023-04-12,2023.04.12 07:00:00,1.24371,1.21033,LONG,1.24401,1.24204,19.7,YES,YES,NONE,NO_BREAKOUT,,,
2023-04-12,2023.04.12 08:00:00,1.24434,1.21033,LONG,1.24401,1.24204,19.7,YES,YES,LONG,,1.24401,1.24204,1.24697
2023-04-13,2023.04.13 07:00:00,1.24894,1.21033,LONG,1.24959,1.24759,20.0,YES,YES,NONE,NO_BREAKOUT,,,
2023-04-13,2023.04.13 08:00:00,1.24847,1.21033,LONG,1.24959,1.24759,20.0,YES,YES,NONE,NO_BREAKOUT,,,
2023-04-13,2023.04.13 09:00:00,1.24873,1.21033,LONG,1.24959,1.24759,20.0,YES,YES,NONE,NO_BREAKOUT,,,
2023-04-14,2023.04.14 07:00:00,1.25405,1.21033,LONG,1.25461,1.25109,35.2,YES,YES,NONE,NO_BREAKOUT,,,
2023-04-14,2023.04.14 08:00:00,1.25405,1.21033,LONG,1.25461,1.25109,35.2,YES,YES,NONE,NO_BREAKOUT,,,
2023-04-14,2023.04.14 09:00:00,1.25338,1.21033,LONG,1.25461,1.25109,35.2,YES,YES,NONE,NO_BREAKOUT,,,
2023-04-17,2023.04.17 07:00:00,1.24120,1.21263,LONG,1.24188,1.23830,35.8,YES,YES,NONE,NO_BREAKOUT,,,
2023-04-17,2023.04.17 08:00:00,1.24173,1.21263,LONG,1.24188,1.23830,35.8,YES,YES,NONE,NO_BREAKOUT,,,
2023-04-17,2023.04.17 09:00:00,1.24193,1.21263,LONG,1.24188,1.23830,35.8,YES,YES,LONG,,1.24188,1.23830,1.24725
2023-04-18,2023.04.18 07:00:00,1.23839,1.21263,LONG,1.23878,1.23602,27.6,YES,YES,NONE,NO_BREAKOUT,,,
2023-04-18,2023.04.18 08:00:00,1.23924,1.21263,LONG,1.23878,1.23602,27.6,YES,YES,LONG,,1.23878,1.23602,1.24292
2023-04-19,2023.04.19 07:00:00,1.24186,1.21263,LONG,1.24342,1.24092,25.0,YES,YES,NONE,NO_BREAKOUT,,,
2023-04-19,2023.04.19 08:00:00,1.24119,1.21263,LONG,1.24342,1.24092,25.0,YES,YES,NONE,NO_BREAKOUT,,,
2023-04-19,2023.04.19 09:00:00,1.24547,1.21263,LONG,1.24342,1.24092,25.0,YES,YES,LONG,,1.24342,1.24092,1.24717
2023-04-20,2023.04.20 07:00:00,1.24295,1.21263,LONG,1.24412,1.24202,21.0,YES,YES,NONE,NO_BREAKOUT,,,
2023-04-20,2023.04.20 08:00:00,1.24365,1.21263,LONG,1.24412,1.24202,21.0,YES,YES,NONE,NO_BREAKOUT,,,
2023-04-20,2023.04.20 09:00:00,1.24393,1.21263,LONG,1.24412,1.24202,21.0,YES,YES,NONE,NO_BREAKOUT,,,
2023-04-21,2023.04.21 07:00:00,1.24325,1.21263,LONG,1.24461,1.24293,16.8,YES,YES,NONE,NO_BREAKOUT,,,
2023-04-21,2023.04.21 08:00:00,1.24322,1.21263,LONG,1.24461,1.24293,16.8,YES,YES,NONE,NO_BREAKOUT,,,
2023-04-21,2023.04.21 09:00:00,1.24002,1.21263,LONG,1.24461,1.24293,16.8,YES,YES,NONE,NO_BREAKOUT,,,
2023-04-24,2023.04.24 07:00:00,1.24352,1.21498,LONG,1.24517,1.24317,20.0,YES,YES,NONE,NO_BREAKOUT,,,
2023-04-24,2023.04.24 08:00:00,1.24269,1.21498,LONG,1.24517,1.24317,20.0,YES,YES,NONE,NO_BREAKOUT,,,
2023-04-24,2023.04.24 09:00:00,1.24222,1.21498,LONG,1.24517,1.24317,20.0,YES,YES,NONE,NO_BREAKOUT,,,
2023-04-25,2023.04.25 07:00:00,1.24820,1.21498,LONG,1.25068,1.24696,37.2,YES,YES,NONE,NO_BREAKOUT,,,
2023-04-25,2023.04.25 08:00:00,1.24821,1.21498,LONG,1.25068,1.24696,37.2,YES,YES,NONE,NO_BREAKOUT,,,
2023-04-25,2023.04.25 09:00:00,1.24771,1.21498,LONG,1.25068,1.24696,37.2,YES,YES,NONE,NO_BREAKOUT,,,
2023-04-26,2023.04.26 07:00:00,1.24244,1.21498,LONG,1.24185,1.24011,17.4,YES,YES,LONG,,1.24185,1.24011,1.24446
2023-04-27,2023.04.27 07:00:00,1.24748,1.21498,LONG,1.24777,1.24547,23.0,YES,YES,NONE,NO_BREAKOUT,,,
2023-04-27,2023.04.27 08:00:00,1.24834,1.21498,LONG,1.24777,1.24547,23.0,YES,YES,LONG,,1.24777,1.24547,1.25122
2023-04-28,2023.04.28 07:00:00,1.24825,1.21498,LONG,1.25038,1.24595,44.3,YES,YES,NONE,NO_BREAKOUT,,,
2023-04-28,2023.04.28 08:00:00,1.24699,1.21498,LONG,1.25038,1.24595,44.3,YES,YES,NONE,NO_BREAKOUT,,,
2023-04-28,2023.04.28 09:00:00,1.24787,1.21498,LONG,1.25038,1.24595,44.3,YES,YES,NONE,NO_BREAKOUT,,,
2023-05-01,2023.05.01 07:00:00,1.25577,1.21808,LONG,1.25699,1.25501,19.8,YES,YES,NONE,NO_BREAKOUT,,,
2023-05-01,2023.05.01 08:00:00,1.25532,1.21808,LONG,1.25699,1.25501,19.8,YES,YES,NONE,NO_BREAKOUT,,,
2023-05-01,2023.05.01 09:00:00,1.25481,1.21808,LONG,1.25699,1.25501,19.8,YES,YES,NONE,NO_BREAKOUT,,,
2023-05-02,2023.05.02 07:00:00,1.24963,1.21808,LONG,1.25120,1.24833,28.7,YES,YES,NONE,NO_BREAKOUT,,,
2023-05-02,2023.05.02 08:00:00,1.24961,1.21808,LONG,1.25120,1.24833,28.7,YES,YES,NONE,NO_BREAKOUT,,,
2023-05-02,2023.05.02 09:00:00,1.25013,1.21808,LONG,1.25120,1.24833,28.7,YES,YES,NONE,NO_BREAKOUT,,,
2023-05-03,2023.05.03 07:00:00,1.24876,1.21808,LONG,1.24932,1.24599,33.3,YES,YES,NONE,NO_BREAKOUT,,,
2023-05-03,2023.05.03 08:00:00,1.24892,1.21808,LONG,1.24932,1.24599,33.3,YES,YES,NONE,NO_BREAKOUT,,,
2023-05-03,2023.05.03 09:00:00,1.25028,1.21808,LONG,1.24932,1.24599,33.3,YES,YES,LONG,,1.24932,1.24599,1.25432
2023-05-04,2023.05.04 07:00:00,1.25826,1.21808,LONG,1.25921,1.25385,53.6,YES,YES,NONE,NO_BREAKOUT,,,
2023-05-04,2023.05.04 08:00:00,1.25854,1.21808,LONG,1.25921,1.25385,53.6,YES,YES,NONE,NO_BREAKOUT,,,
2023-05-04,2023.05.04 09:00:00,1.25730,1.21808,LONG,1.25921,1.25385,53.6,YES,YES,NONE,NO_BREAKOUT,,,
2023-05-05,2023.05.05 07:00:00,1.26068,1.21808,LONG,1.26141,1.25617,52.4,YES,YES,NONE,NO_BREAKOUT,,,
2023-05-05,2023.05.05 08:00:00,1.26017,1.21808,LONG,1.26141,1.25617,52.4,YES,YES,NONE,NO_BREAKOUT,,,
2023-05-05,2023.05.05 09:00:00,1.26295,1.21808,LONG,1.26141,1.25617,52.4,YES,YES,LONG,,1.26141,1.25617,1.26927
2023-05-08,2023.05.08 07:00:00,1.26518,1.22141,LONG,1.26469,1.26246,22.3,YES,YES,LONG,,1.26469,1.26246,1.26804
2023-05-09,2023.05.09 07:00:00,1.26129,1.22141,LONG,1.26240,1.26038,20.2,YES,YES,NONE,NO_BREAKOUT,,,
2023-05-09,2023.05.09 08:00:00,1.26147,1.22141,LONG,1.26240,1.26038,20.2,YES,YES,NONE,NO_BREAKOUT,,,
2023-05-09,2023.05.09 09:00:00,1.26347,1.22141,LONG,1.26240,1.26038,20.2,YES,YES,LONG,,1.26240,1.26038,1.26543
2023-05-10,2023.05.10 07:00:00,1.26216,1.22141,LONG,1.26345,1.26094,25.1,YES,YES,NONE,NO_BREAKOUT,,,
2023-05-10,2023.05.10 08:00:00,1.26185,1.22141,LONG,1.26345,1.26094,25.1,YES,YES,NONE,NO_BREAKOUT,,,
2023-05-10,2023.05.10 09:00:00,1.26255,1.22141,LONG,1.26345,1.26094,25.1,YES,YES,NONE,NO_BREAKOUT,,,
2023-05-11,2023.05.11 07:00:00,1.26177,1.22141,LONG,1.26405,1.26138,26.7,YES,YES,NONE,NO_BREAKOUT,,,
2023-05-11,2023.05.11 08:00:00,1.26227,1.22141,LONG,1.26405,1.26138,26.7,YES,YES,NONE,NO_BREAKOUT,,,
2023-05-11,2023.05.11 09:00:00,1.25900,1.22141,LONG,1.26405,1.26138,26.7,YES,YES,NONE,NO_BREAKOUT,,,
2023-05-12,2023.05.12 07:00:00,1.25248,1.22141,LONG,1.25216,1.25041,17.5,YES,YES,LONG,,1.25216,1.25041,1.25479
2023-05-15,2023.05.15 07:00:00,1.24625,1.22314,LONG,1.24661,1.24432,22.9,YES,YES,NONE,NO_BREAKOUT,,,
2023-05-15,2023.05.15 08:00:00,1.24704,1.22314,LONG,1.24661,1.24432,22.9,YES,YES,LONG,,1.24661,1.24432,1.25005
2023-05-16,2023.05.16 07:00:00,1.25257,1.22314,LONG,1.25321,1.25096,22.5,YES,YES,NONE,NO_BREAKOUT,,,
2023-05-16,2023.05.16 08:00:00,1.25106,1.22314,LONG,1.25321,1.25096,22.5,YES,YES,NONE,NO_BREAKOUT,,,
2023-05-16,2023.05.16 09:00:00,1.24802,1.22314,LONG,1.25321,1.25096,22.5,YES,YES,NONE,NO_BREAKOUT,,,
2023-05-17,2023.05.17 07:00:00,1.24783,1.22314,LONG,1.24933,1.24749,18.4,YES,YES,NONE,NO_BREAKOUT,,,
2023-05-17,2023.05.17 08:00:00,1.24643,1.22314,LONG,1.24933,1.24749,18.4,YES,YES,NONE,NO_BREAKOUT,,,
2023-05-17,2023.05.17 09:00:00,1.24536,1.22314,LONG,1.24933,1.24749,18.4,YES,YES,NONE,NO_BREAKOUT,,,
2023-05-19,2023.05.19 07:00:00,1.23965,1.22314,LONG,1.24164,1.23917,24.7,YES,YES,NONE,NO_BREAKOUT,,,
2023-05-19,2023.05.19 08:00:00,1.24017,1.22314,LONG,1.24164,1.23917,24.7,YES,YES,NONE,NO_BREAKOUT,,,
2023-05-19,2023.05.19 09:00:00,1.24095,1.22314,LONG,1.24164,1.23917,24.7,YES,YES,NONE,NO_BREAKOUT,,,
2023-05-22,2023.05.22 07:00:00,1.24572,1.22473,LONG,1.24720,1.24380,34.0,YES,YES,NONE,NO_BREAKOUT,,,
2023-05-22,2023.05.22 08:00:00,1.24408,1.22473,LONG,1.24720,1.24380,34.0,YES,YES,NONE,NO_BREAKOUT,,,
2023-05-22,2023.05.22 09:00:00,1.24327,1.22473,LONG,1.24720,1.24380,34.0,YES,YES,NONE,NO_BREAKOUT,,,
2023-05-23,2023.05.23 07:00:00,1.24359,1.22473,LONG,1.24463,1.24229,23.4,YES,YES,NONE,NO_BREAKOUT,,,
2023-05-23,2023.05.23 08:00:00,1.24295,1.22473,LONG,1.24463,1.24229,23.4,YES,YES,NONE,NO_BREAKOUT,,,
2023-05-23,2023.05.23 09:00:00,1.24338,1.22473,LONG,1.24463,1.24229,23.4,YES,YES,NONE,NO_BREAKOUT,,,
2023-05-24,2023.05.24 07:00:00,1.24346,1.22473,LONG,1.24291,1.24090,20.1,YES,YES,LONG,,1.24291,1.24090,1.24593
2023-05-25,2023.05.25 07:00:00,1.23411,1.22473,LONG,1.23709,1.23319,39.0,YES,YES,NONE,NO_BREAKOUT,,,
2023-05-25,2023.05.25 08:00:00,1.23466,1.22473,LONG,1.23709,1.23319,39.0,YES,YES,NONE,NO_BREAKOUT,,,
2023-05-25,2023.05.25 09:00:00,1.23549,1.22473,LONG,1.23709,1.23319,39.0,YES,YES,NONE,NO_BREAKOUT,,,
2023-05-26,2023.05.26 07:00:00,1.23356,1.22473,LONG,1.23365,1.23107,25.8,YES,YES,NONE,NO_BREAKOUT,,,
2023-05-26,2023.05.26 08:00:00,1.23389,1.22473,LONG,1.23365,1.23107,25.8,YES,YES,LONG,,1.23365,1.23107,1.23752
2023-05-29,2023.05.29 07:00:00,1.23554,1.22550,LONG,1.23575,1.23320,25.5,YES,YES,NONE,NO_BREAKOUT,,,
2023-05-29,2023.05.29 08:00:00,1.23553,1.22550,LONG,1.23575,1.23320,25.5,YES,YES,NONE,NO_BREAKOUT,,,
2023-05-29,2023.05.29 09:00:00,1.23672,1.22550,LONG,1.23575,1.23320,25.5,YES,YES,LONG,,1.23575,1.23320,1.23958
2023-05-30,2023.05.30 07:00:00,1.23570,1.22550,LONG,1.23788,1.23429,35.9,YES,YES,NONE,NO_BREAKOUT,,,
2023-05-30,2023.05.30 08:00:00,1.23311,1.22550,LONG,1.23788,1.23429,35.9,YES,YES,NONE,NO_BREAKOUT,,,
2023-05-30,2023.05.30 09:00:00,1.23481,1.22550,LONG,1.23788,1.23429,35.9,YES,YES,NONE,NO_BREAKOUT,,,
2023-05-31,2023.05.31 07:00:00,1.23923,1.22550,LONG,1.24259,1.23816,44.3,YES,YES,NONE,NO_BREAKOUT,,,
2023-05-31,2023.05.31 08:00:00,1.23970,1.22550,LONG,1.24259,1.23816,44.3,YES,YES,NONE,NO_BREAKOUT,,,
2023-05-31,2023.05.31 09:00:00,1.23756,1.22550,LONG,1.24259,1.23816,44.3,YES,YES,NONE,NO_BREAKOUT,,,
2023-06-01,2023.06.01 07:00:00,1.24326,1.22550,LONG,1.24494,1.24242,25.2,YES,YES,NONE,NO_BREAKOUT,,,
2023-06-01,2023.06.01 08:00:00,1.24254,1.22550,LONG,1.24494,1.24242,25.2,YES,YES,NONE,NO_BREAKOUT,,,
2023-06-01,2023.06.01 09:00:00,1.24396,1.22550,LONG,1.24494,1.24242,25.2,YES,YES,NONE,NO_BREAKOUT,,,
2023-06-02,2023.06.02 07:00:00,1.25293,1.22550,LONG,1.25445,1.25158,28.7,YES,YES,NONE,NO_BREAKOUT,,,
2023-06-02,2023.06.02 08:00:00,1.25370,1.22550,LONG,1.25445,1.25158,28.7,YES,YES,NONE,NO_BREAKOUT,,,
2023-06-02,2023.06.02 09:00:00,1.25392,1.22550,LONG,1.25445,1.25158,28.7,YES,YES,NONE,NO_BREAKOUT,,,
2023-06-05,2023.06.05 07:00:00,1.24326,1.22694,LONG,1.24535,1.24258,27.7,YES,YES,NONE,NO_BREAKOUT,,,
2023-06-05,2023.06.05 08:00:00,1.24307,1.22694,LONG,1.24535,1.24258,27.7,YES,YES,NONE,NO_BREAKOUT,,,
2023-06-05,2023.06.05 09:00:00,1.24079,1.22694,LONG,1.24535,1.24258,27.7,YES,YES,NONE,NO_BREAKOUT,,,
2023-06-06,2023.06.06 07:00:00,1.24499,1.22694,LONG,1.24508,1.24111,39.7,YES,YES,NONE,NO_BREAKOUT,,,
2023-06-06,2023.06.06 08:00:00,1.24457,1.22694,LONG,1.24508,1.24111,39.7,YES,YES,NONE,NO_BREAKOUT,,,
2023-06-06,2023.06.06 09:00:00,1.24407,1.22694,LONG,1.24508,1.24111,39.7,YES,YES,NONE,NO_BREAKOUT,,,
2023-06-07,2023.06.07 07:00:00,1.24232,1.22694,LONG,1.24379,1.24144,23.5,YES,YES,NONE,NO_BREAKOUT,,,
2023-06-07,2023.06.07 08:00:00,1.24181,1.22694,LONG,1.24379,1.24144,23.5,YES,YES,NONE,NO_BREAKOUT,,,
2023-06-07,2023.06.07 09:00:00,1.24057,1.22694,LONG,1.24379,1.24144,23.5,YES,YES,NONE,NO_BREAKOUT,,,
2023-06-08,2023.06.08 07:00:00,1.24536,1.22694,LONG,1.24524,1.24243,28.1,YES,YES,LONG,,1.24524,1.24243,1.24946
2023-06-09,2023.06.09 07:00:00,1.25455,1.22694,LONG,1.25633,1.25451,18.2,YES,YES,NONE,NO_BREAKOUT,,,
2023-06-09,2023.06.09 08:00:00,1.25519,1.22694,LONG,1.25633,1.25451,18.2,YES,YES,NONE,NO_BREAKOUT,,,
2023-06-09,2023.06.09 09:00:00,1.25580,1.22694,LONG,1.25633,1.25451,18.2,YES,YES,NONE,NO_BREAKOUT,,,
2023-06-12,2023.06.12 07:00:00,1.25701,1.22924,LONG,1.25850,1.25355,49.5,YES,YES,NONE,NO_BREAKOUT,,,
2023-06-12,2023.06.12 08:00:00,1.25732,1.22924,LONG,1.25850,1.25355,49.5,YES,YES,NONE,NO_BREAKOUT,,,
2023-06-12,2023.06.12 09:00:00,1.25749,1.22924,LONG,1.25850,1.25355,49.5,YES,YES,NONE,NO_BREAKOUT,,,
2023-06-13,2023.06.13 07:00:00,1.25315,1.22924,LONG,1.25352,1.24931,42.1,YES,YES,NONE,NO_BREAKOUT,,,
2023-06-13,2023.06.13 08:00:00,1.25301,1.22924,LONG,1.25352,1.24931,42.1,YES,YES,NONE,NO_BREAKOUT,,,
2023-06-13,2023.06.13 09:00:00,1.25627,1.22924,LONG,1.25352,1.24931,42.1,YES,YES,LONG,,1.25352,1.24931,1.25984
2023-06-14,2023.06.14 07:00:00,1.26122,1.22924,LONG,1.26172,1.25905,26.7,YES,YES,NONE,NO_BREAKOUT,,,
2023-06-14,2023.06.14 08:00:00,1.26027,1.22924,LONG,1.26172,1.25905,26.7,YES,YES,NONE,NO_BREAKOUT,,,
2023-06-14,2023.06.14 09:00:00,1.26068,1.22924,LONG,1.26172,1.25905,26.7,YES,YES,NONE,NO_BREAKOUT,,,
2023-06-15,2023.06.15 07:00:00,1.26378,1.22924,LONG,1.26738,1.26294,44.4,YES,YES,NONE,NO_BREAKOUT,,,
2023-06-15,2023.06.15 08:00:00,1.26500,1.22924,LONG,1.26738,1.26294,44.4,YES,YES,NONE,NO_BREAKOUT,,,
2023-06-15,2023.06.15 09:00:00,1.26482,1.22924,LONG,1.26738,1.26294,44.4,YES,YES,NONE,NO_BREAKOUT,,,
2023-06-16,2023.06.16 07:00:00,1.27795,1.22924,LONG,1.27929,1.27681,24.8,YES,YES,NONE,NO_BREAKOUT,,,
2023-06-16,2023.06.16 08:00:00,1.27871,1.22924,LONG,1.27929,1.27681,24.8,YES,YES,NONE,NO_BREAKOUT,,,
2023-06-16,2023.06.16 09:00:00,1.28011,1.22924,LONG,1.27929,1.27681,24.8,YES,YES,LONG,,1.27929,1.27681,1.28301
2023-06-19,2023.06.19 07:00:00,1.28133,1.23315,LONG,1.28367,1.28115,25.2,YES,YES,NONE,NO_BREAKOUT,,,
2023-06-19,2023.06.19 08:00:00,1.28224,1.23315,LONG,1.28367,1.28115,25.2,YES,YES,NONE,NO_BREAKOUT,,,
2023-06-19,2023.06.19 09:00:00,1.28177,1.23315,LONG,1.28367,1.28115,25.2,YES,YES,NONE,NO_BREAKOUT,,,
2023-06-20,2023.06.20 07:00:00,1.27786,1.23315,LONG,1.28064,1.27689,37.5,YES,YES,NONE,NO_BREAKOUT,,,
2023-06-20,2023.06.20 08:00:00,1.27816,1.23315,LONG,1.28064,1.27689,37.5,YES,YES,NONE,NO_BREAKOUT,,,
2023-06-20,2023.06.20 09:00:00,1.27768,1.23315,LONG,1.28064,1.27689,37.5,YES,YES,NONE,NO_BREAKOUT,,,
2023-06-21,2023.06.21 07:00:00,1.27647,1.23315,LONG,1.27672,1.27416,25.6,YES,YES,NONE,NO_BREAKOUT,,,
2023-06-21,2023.06.21 08:00:00,1.27623,1.23315,LONG,1.27672,1.27416,25.6,YES,YES,NONE,NO_BREAKOUT,,,
2023-06-21,2023.06.21 09:00:00,1.27837,1.23315,LONG,1.27672,1.27416,25.6,YES,YES,LONG,,1.27672,1.27416,1.28056
2023-06-22,2023.06.22 07:00:00,1.27588,1.23315,LONG,1.27736,1.27539,19.7,YES,YES,NONE,NO_BREAKOUT,,,
2023-06-22,2023.06.22 08:00:00,1.27532,1.23315,LONG,1.27736,1.27539,19.7,YES,YES,NONE,NO_BREAKOUT,,,
2023-06-22,2023.06.22 09:00:00,1.27462,1.23315,LONG,1.27736,1.27539,19.7,YES,YES,NONE,NO_BREAKOUT,,,
2023-06-23,2023.06.23 07:00:00,1.27076,1.23315,LONG,1.27488,1.27092,39.6,YES,YES,NONE,NO_BREAKOUT,,,
2023-06-23,2023.06.23 08:00:00,1.27061,1.23315,LONG,1.27488,1.27092,39.6,YES,YES,NONE,NO_BREAKOUT,,,
2023-06-23,2023.06.23 09:00:00,1.27183,1.23315,LONG,1.27488,1.27092,39.6,YES,YES,NONE,NO_BREAKOUT,,,
2023-06-26,2023.06.26 07:00:00,1.27322,1.23598,LONG,1.27386,1.26995,39.1,YES,YES,NONE,NO_BREAKOUT,,,
2023-06-26,2023.06.26 08:00:00,1.27340,1.23598,LONG,1.27386,1.26995,39.1,YES,YES,NONE,NO_BREAKOUT,,,
2023-06-26,2023.06.26 09:00:00,1.27210,1.23598,LONG,1.27386,1.26995,39.1,YES,YES,NONE,NO_BREAKOUT,,,
2023-06-27,2023.06.27 07:00:00,1.27294,1.23598,LONG,1.27364,1.27033,33.1,YES,YES,NONE,NO_BREAKOUT,,,
2023-06-27,2023.06.27 08:00:00,1.27297,1.23598,LONG,1.27364,1.27033,33.1,YES,YES,NONE,NO_BREAKOUT,,,
2023-06-27,2023.06.27 09:00:00,1.27471,1.23598,LONG,1.27364,1.27033,33.1,YES,YES,LONG,,1.27364,1.27033,1.27861
2023-06-28,2023.06.28 07:00:00,1.27256,1.23598,LONG,1.27518,1.27242,27.6,YES,YES,NONE,NO_BREAKOUT,,,
2023-06-28,2023.06.28 08:00:00,1.27297,1.23598,LONG,1.27518,1.27242,27.6,YES,YES,NONE,NO_BREAKOUT,,,
2023-06-28,2023.06.28 09:00:00,1.27244,1.23598,LONG,1.27518,1.27242,27.6,YES,YES,NONE,NO_BREAKOUT,,,
2023-06-29,2023.06.29 07:00:00,1.26202,1.23598,LONG,1.26464,1.26204,26.0,YES,YES,NONE,NO_BREAKOUT,,,
2023-06-29,2023.06.29 08:00:00,1.26253,1.23598,LONG,1.26464,1.26204,26.0,YES,YES,NONE,NO_BREAKOUT,,,
2023-06-29,2023.06.29 09:00:00,1.26352,1.23598,LONG,1.26464,1.26204,26.0,YES,YES,NONE,NO_BREAKOUT,,,
2023-06-30,2023.06.30 07:00:00,1.26233,1.23598,LONG,1.26232,1.26050,18.2,YES,YES,LONG,,1.26232,1.26050,1.26505
2023-07-03,2023.07.03 07:00:00,1.27052,1.23845,LONG,1.27058,1.26838,22.0,YES,YES,NONE,NO_BREAKOUT,,,
2023-07-03,2023.07.03 08:00:00,1.26918,1.23845,LONG,1.27058,1.26838,22.0,YES,YES,NONE,NO_BREAKOUT,,,
2023-07-03,2023.07.03 09:00:00,1.26876,1.23845,LONG,1.27058,1.26838,22.0,YES,YES,NONE,NO_BREAKOUT,,,
2023-07-04,2023.07.04 07:00:00,1.26865,1.23845,LONG,1.27016,1.26748,26.8,YES,YES,NONE,NO_BREAKOUT,,,
2023-07-04,2023.07.04 08:00:00,1.26866,1.23845,LONG,1.27016,1.26748,26.8,YES,YES,NONE,NO_BREAKOUT,,,
2023-07-04,2023.07.04 09:00:00,1.27063,1.23845,LONG,1.27016,1.26748,26.8,YES,YES,LONG,,1.27016,1.26748,1.27418
2023-07-05,2023.07.05 07:00:00,1.27056,1.23845,LONG,1.27210,1.26999,21.1,YES,YES,NONE,NO_BREAKOUT,,,
2023-07-05,2023.07.05 08:00:00,1.27051,1.23845,LONG,1.27210,1.26999,21.1,YES,YES,NONE,NO_BREAKOUT,,,
2023-07-05,2023.07.05 09:00:00,1.27039,1.23845,LONG,1.27210,1.26999,21.1,YES,YES,NONE,NO_BREAKOUT,,,
2023-07-06,2023.07.06 07:00:00,1.27038,1.23845,LONG,1.27117,1.26877,24.0,YES,YES,NONE,NO_BREAKOUT,,,
2023-07-06,2023.07.06 08:00:00,1.27089,1.23845,LONG,1.27117,1.26877,24.0,YES,YES,NONE,NO_BREAKOUT,,,
2023-07-06,2023.07.06 09:00:00,1.27164,1.23845,LONG,1.27117,1.26877,24.0,YES,YES,LONG,,1.27117,1.26877,1.27477
2023-07-07,2023.07.07 07:00:00,1.27404,1.23845,LONG,1.27449,1.27265,18.4,YES,YES,NONE,NO_BREAKOUT,,,
2023-07-07,2023.07.07 08:00:00,1.27417,1.23845,LONG,1.27449,1.27265,18.4,YES,YES,NONE,NO_BREAKOUT,,,
2023-07-07,2023.07.07 09:00:00,1.27386,1.23845,LONG,1.27449,1.27265,18.4,YES,YES,NONE,NO_BREAKOUT,,,
2023-07-10,2023.07.10 07:00:00,1.28102,1.24181,LONG,1.28415,1.28091,32.4,YES,YES,NONE,NO_BREAKOUT,,,
2023-07-10,2023.07.10 08:00:00,1.28001,1.24181,LONG,1.28415,1.28091,32.4,YES,YES,NONE,NO_BREAKOUT,,,
2023-07-10,2023.07.10 09:00:00,1.28088,1.24181,LONG,1.28415,1.28091,32.4,YES,YES,NONE,NO_BREAKOUT,,,
2023-07-11,2023.07.11 07:00:00,1.28784,1.24181,LONG,1.28793,1.28507,28.6,YES,YES,NONE,NO_BREAKOUT,,,
2023-07-11,2023.07.11 08:00:00,1.28690,1.24181,LONG,1.28793,1.28507,28.6,YES,YES,NONE,NO_BREAKOUT,,,
2023-07-11,2023.07.11 09:00:00,1.28937,1.24181,LONG,1.28793,1.28507,28.6,YES,YES,LONG,,1.28793,1.28507,1.29222
2023-07-12,2023.07.12 07:00:00,1.29663,1.24181,LONG,1.29692,1.29279,41.3,YES,YES,NONE,NO_BREAKOUT,,,
2023-07-12,2023.07.12 08:00:00,1.29551,1.24181,LONG,1.29692,1.29279,41.3,YES,YES,NONE,NO_BREAKOUT,,,
2023-07-12,2023.07.12 09:00:00,1.29443,1.24181,LONG,1.29692,1.29279,41.3,YES,YES,NONE,NO_BREAKOUT,,,
2023-07-13,2023.07.13 07:00:00,1.30063,1.24181,LONG,1.30186,1.29746,44.0,YES,YES,NONE,NO_BREAKOUT,,,
2023-07-13,2023.07.13 08:00:00,1.29900,1.24181,LONG,1.30186,1.29746,44.0,YES,YES,NONE,NO_BREAKOUT,,,
2023-07-13,2023.07.13 09:00:00,1.30097,1.24181,LONG,1.30186,1.29746,44.0,YES,YES,NONE,NO_BREAKOUT,,,
2023-07-14,2023.07.14 07:00:00,1.31309,1.24181,LONG,1.31420,1.31166,25.4,YES,YES,NONE,NO_BREAKOUT,,,
2023-07-14,2023.07.14 08:00:00,1.31187,1.24181,LONG,1.31420,1.31166,25.4,YES,YES,NONE,NO_BREAKOUT,,,
2023-07-14,2023.07.14 09:00:00,1.30985,1.24181,LONG,1.31420,1.31166,25.4,YES,YES,NONE,NO_BREAKOUT,,,
2023-07-17,2023.07.17 07:00:00,1.30878,1.24685,LONG,1.30990,1.30818,17.2,YES,YES,NONE,NO_BREAKOUT,,,
2023-07-17,2023.07.17 08:00:00,1.30924,1.24685,LONG,1.30990,1.30818,17.2,YES,YES,NONE,NO_BREAKOUT,,,
2023-07-17,2023.07.17 09:00:00,1.30809,1.24685,LONG,1.30990,1.30818,17.2,YES,YES,NONE,NO_BREAKOUT,,,
2023-07-18,2023.07.18 07:00:00,1.30944,1.24685,LONG,1.30953,1.30675,27.8,YES,YES,NONE,NO_BREAKOUT,,,
2023-07-18,2023.07.18 08:00:00,1.30888,1.24685,LONG,1.30953,1.30675,27.8,YES,YES,NONE,NO_BREAKOUT,,,
2023-07-18,2023.07.18 09:00:00,1.30890,1.24685,LONG,1.30953,1.30675,27.8,YES,YES,NONE,NO_BREAKOUT,,,
2023-07-19,2023.07.19 07:00:00,1.30166,1.24685,LONG,1.30414,1.30126,28.8,YES,YES,NONE,NO_BREAKOUT,,,
2023-07-19,2023.07.19 08:00:00,1.30283,1.24685,LONG,1.30414,1.30126,28.8,YES,YES,NONE,NO_BREAKOUT,,,
2023-07-19,2023.07.19 09:00:00,1.29626,1.24685,LONG,1.30414,1.30126,28.8,YES,YES,NONE,NO_BREAKOUT,,,
2023-07-20,2023.07.20 07:00:00,1.29438,1.24685,LONG,1.29642,1.29301,34.1,YES,YES,NONE,NO_BREAKOUT,,,
2023-07-20,2023.07.20 08:00:00,1.29379,1.24685,LONG,1.29642,1.29301,34.1,YES,YES,NONE,NO_BREAKOUT,,,
2023-07-20,2023.07.20 09:00:00,1.29129,1.24685,LONG,1.29642,1.29301,34.1,YES,YES,NONE,NO_BREAKOUT,,,
2023-07-21,2023.07.21 07:00:00,1.28794,1.24685,LONG,1.28859,1.28613,24.6,YES,YES,NONE,NO_BREAKOUT,,,
2023-07-21,2023.07.21 08:00:00,1.28787,1.24685,LONG,1.28859,1.28613,24.6,YES,YES,NONE,NO_BREAKOUT,,,
2023-07-21,2023.07.21 09:00:00,1.28934,1.24685,LONG,1.28859,1.28613,24.6,YES,YES,LONG,,1.28859,1.28613,1.29228
2023-07-24,2023.07.24 07:00:00,1.28638,1.24969,LONG,1.28696,1.28404,29.2,YES,YES,NONE,NO_BREAKOUT,,,
2023-07-24,2023.07.24 08:00:00,1.28759,1.24969,LONG,1.28696,1.28404,29.2,YES,YES,LONG,,1.28696,1.28404,1.29134
2023-07-25,2023.07.25 07:00:00,1.28302,1.24969,LONG,1.28425,1.28075,35.0,YES,YES,NONE,NO_BREAKOUT,,,
2023-07-25,2023.07.25 08:00:00,1.28398,1.24969,LONG,1.28425,1.28075,35.0,YES,YES,NONE,NO_BREAKOUT,,,
2023-07-25,2023.07.25 09:00:00,1.28516,1.24969,LONG,1.28425,1.28075,35.0,YES,YES,LONG,,1.28425,1.28075,1.28950
2023-07-26,2023.07.26 07:00:00,1.28877,1.24969,LONG,1.29030,1.28751,27.9,YES,YES,NONE,NO_BREAKOUT,,,
2023-07-26,2023.07.26 08:00:00,1.29007,1.24969,LONG,1.29030,1.28751,27.9,YES,YES,NONE,NO_BREAKOUT,,,
2023-07-26,2023.07.26 09:00:00,1.28907,1.24969,LONG,1.29030,1.28751,27.9,YES,YES,NONE,NO_BREAKOUT,,,
2023-07-27,2023.07.27 07:00:00,1.29619,1.24969,LONG,1.29767,1.29239,52.8,YES,YES,NONE,NO_BREAKOUT,,,
2023-07-27,2023.07.27 08:00:00,1.29463,1.24969,LONG,1.29767,1.29239,52.8,YES,YES,NONE,NO_BREAKOUT,,,
2023-07-27,2023.07.27 09:00:00,1.29546,1.24969,LONG,1.29767,1.29239,52.8,YES,YES,NONE,NO_BREAKOUT,,,
2023-07-28,2023.07.28 07:00:00,1.27793,1.24969,LONG,1.28078,1.27772,30.6,YES,YES,NONE,NO_BREAKOUT,,,
2023-07-28,2023.07.28 08:00:00,1.27935,1.24969,LONG,1.28078,1.27772,30.6,YES,YES,NONE,NO_BREAKOUT,,,
2023-07-28,2023.07.28 09:00:00,1.27879,1.24969,LONG,1.28078,1.27772,30.6,YES,YES,NONE,NO_BREAKOUT,,,
2023-07-31,2023.07.31 07:00:00,1.28481,1.25227,LONG,1.28596,1.28328,26.8,YES,YES,NONE,NO_BREAKOUT,,,
2023-07-31,2023.07.31 08:00:00,1.28539,1.25227,LONG,1.28596,1.28328,26.8,YES,YES,NONE,NO_BREAKOUT,,,
2023-07-31,2023.07.31 09:00:00,1.28565,1.25227,LONG,1.28596,1.28328,26.8,YES,YES,NONE,NO_BREAKOUT,,,
2023-08-01,2023.08.01 07:00:00,1.28313,1.25227,LONG,1.28407,1.28153,25.4,YES,YES,NONE,NO_BREAKOUT,,,
2023-08-01,2023.08.01 08:00:00,1.28255,1.25227,LONG,1.28407,1.28153,25.4,YES,YES,NONE,NO_BREAKOUT,,,
2023-08-01,2023.08.01 09:00:00,1.28315,1.25227,LONG,1.28407,1.28153,25.4,YES,YES,NONE,NO_BREAKOUT,,,
2023-08-02,2023.08.02 07:00:00,1.27775,1.25227,LONG,1.28049,1.27621,42.8,YES,YES,NONE,NO_BREAKOUT,,,
2023-08-02,2023.08.02 08:00:00,1.27719,1.25227,LONG,1.28049,1.27621,42.8,YES,YES,NONE,NO_BREAKOUT,,,
2023-08-02,2023.08.02 09:00:00,1.27733,1.25227,LONG,1.28049,1.27621,42.8,YES,YES,NONE,NO_BREAKOUT,,,
2023-08-03,2023.08.03 07:00:00,1.27001,1.25227,LONG,1.27277,1.26945,33.2,YES,YES,NONE,NO_BREAKOUT,,,
2023-08-03,2023.08.03 08:00:00,1.27080,1.25227,LONG,1.27277,1.26945,33.2,YES,YES,NONE,NO_BREAKOUT,,,
2023-08-03,2023.08.03 09:00:00,1.26896,1.25227,LONG,1.27277,1.26945,33.2,YES,YES,NONE,NO_BREAKOUT,,,
2023-08-04,2023.08.04 07:00:00,1.27276,1.25227,LONG,1.27410,1.27004,40.6,YES,YES,NONE,NO_BREAKOUT,,,
2023-08-04,2023.08.04 08:00:00,1.27237,1.25227,LONG,1.27410,1.27004,40.6,YES,YES,NONE,NO_BREAKOUT,,,
2023-08-04,2023.08.04 09:00:00,1.27123,1.25227,LONG,1.27410,1.27004,40.6,YES,YES,NONE,NO_BREAKOUT,,,
2023-08-07,2023.08.07 07:00:00,1.27344,1.25391,LONG,1.27608,1.27366,24.2,YES,YES,NONE,NO_BREAKOUT,,,
2023-08-07,2023.08.07 08:00:00,1.27208,1.25391,LONG,1.27608,1.27366,24.2,YES,YES,NONE,NO_BREAKOUT,,,
2023-08-07,2023.08.07 09:00:00,1.27226,1.25391,LONG,1.27608,1.27366,24.2,YES,YES,NONE,NO_BREAKOUT,,,
2023-08-08,2023.08.08 07:00:00,1.27618,1.25391,LONG,1.27851,1.27505,34.6,YES,YES,NONE,NO_BREAKOUT,,,
2023-08-08,2023.08.08 08:00:00,1.27580,1.25391,LONG,1.27851,1.27505,34.6,YES,YES,NONE,NO_BREAKOUT,,,
2023-08-08,2023.08.08 09:00:00,1.27573,1.25391,LONG,1.27851,1.27505,34.6,YES,YES,NONE,NO_BREAKOUT,,,
2023-08-09,2023.08.09 07:00:00,1.27568,1.25391,LONG,1.27590,1.27126,46.4,YES,YES,NONE,NO_BREAKOUT,,,
2023-08-09,2023.08.09 08:00:00,1.27591,1.25391,LONG,1.27590,1.27126,46.4,YES,YES,LONG,,1.27590,1.27126,1.28286
2023-08-10,2023.08.10 07:00:00,1.27121,1.25391,LONG,1.27233,1.27070,16.3,YES,YES,NONE,NO_BREAKOUT,,,
2023-08-10,2023.08.10 08:00:00,1.27226,1.25391,LONG,1.27233,1.27070,16.3,YES,YES,NONE,NO_BREAKOUT,,,
2023-08-10,2023.08.10 09:00:00,1.27321,1.25391,LONG,1.27233,1.27070,16.3,YES,YES,LONG,,1.27233,1.27070,1.27478
2023-08-11,2023.08.11 07:00:00,1.26817,1.25391,LONG,1.26903,1.26618,28.5,YES,YES,NONE,NO_BREAKOUT,,,
2023-08-11,2023.08.11 08:00:00,1.26864,1.25391,LONG,1.26903,1.26618,28.5,YES,YES,NONE,NO_BREAKOUT,,,
2023-08-11,2023.08.11 09:00:00,1.27042,1.25391,LONG,1.26903,1.26618,28.5,YES,YES,LONG,,1.26903,1.26618,1.27331
2023-08-14,2023.08.14 07:00:00,1.26711,1.25504,LONG,1.27038,1.26660,37.8,YES,YES,NONE,NO_BREAKOUT,,,
2023-08-14,2023.08.14 08:00:00,1.26807,1.25504,LONG,1.27038,1.26660,37.8,YES,YES,NONE,NO_BREAKOUT,,,
2023-08-14,2023.08.14 09:00:00,1.26766,1.25504,LONG,1.27038,1.26660,37.8,YES,YES,NONE,NO_BREAKOUT,,,
2023-08-15,2023.08.15 07:00:00,1.26849,1.25504,LONG,1.26931,1.26667,26.4,YES,YES,NONE,NO_BREAKOUT,,,
2023-08-15,2023.08.15 08:00:00,1.26854,1.25504,LONG,1.26931,1.26667,26.4,YES,YES,NONE,NO_BREAKOUT,,,
2023-08-15,2023.08.15 09:00:00,1.27114,1.25504,LONG,1.26931,1.26667,26.4,YES,YES,LONG,,1.26931,1.26667,1.27327
2023-08-16,2023.08.16 07:00:00,1.27071,1.25504,LONG,1.27036,1.26847,18.9,YES,YES,LONG,,1.27036,1.26847,1.27320
2023-08-17,2023.08.17 07:00:00,1.27226,1.25504,LONG,1.27334,1.27108,22.6,YES,YES,NONE,NO_BREAKOUT,,,
2023-08-17,2023.08.17 08:00:00,1.27241,1.25504,LONG,1.27334,1.27108,22.6,YES,YES,NONE,NO_BREAKOUT,,,
2023-08-17,2023.08.17 09:00:00,1.27397,1.25504,LONG,1.27334,1.27108,22.6,YES,YES,LONG,,1.27334,1.27108,1.27673
2023-08-18,2023.08.18 07:00:00,1.27447,1.25504,LONG,1.27657,1.27348,30.9,YES,YES,NONE,NO_BREAKOUT,,,
2023-08-18,2023.08.18 08:00:00,1.27480,1.25504,LONG,1.27657,1.27348,30.9,YES,YES,NONE,NO_BREAKOUT,,,
2023-08-18,2023.08.18 09:00:00,1.27119,1.25504,LONG,1.27657,1.27348,30.9,YES,YES,NONE,NO_BREAKOUT,,,
2023-08-21,2023.08.21 07:00:00,1.27381,1.25638,LONG,1.27501,1.27245,25.6,YES,YES,NONE,NO_BREAKOUT,,,
2023-08-21,2023.08.21 08:00:00,1.27378,1.25638,LONG,1.27501,1.27245,25.6,YES,YES,NONE,NO_BREAKOUT,,,
2023-08-21,2023.08.21 09:00:00,1.27274,1.25638,LONG,1.27501,1.27245,25.6,YES,YES,NONE,NO_BREAKOUT,,,
2023-08-22,2023.08.22 07:00:00,1.27695,1.25638,LONG,1.27774,1.27458,31.6,YES,YES,NONE,NO_BREAKOUT,,,
2023-08-22,2023.08.22 08:00:00,1.27697,1.25638,LONG,1.27774,1.27458,31.6,YES,YES,NONE,NO_BREAKOUT,,,
2023-08-22,2023.08.22 09:00:00,1.27816,1.25638,LONG,1.27774,1.27458,31.6,YES,YES,LONG,,1.27774,1.27458,1.28248
2023-08-23,2023.08.23 07:00:00,1.27505,1.25638,LONG,1.27473,1.27190,28.3,YES,YES,LONG,,1.27473,1.27190,1.27898
2023-08-24,2023.08.24 07:00:00,1.27199,1.25638,LONG,1.27284,1.26959,32.5,YES,YES,NONE,NO_BREAKOUT,,,
2023-08-24,2023.08.24 08:00:00,1.27253,1.25638,LONG,1.27284,1.26959,32.5,YES,YES,NONE,NO_BREAKOUT,,,
2023-08-24,2023.08.24 09:00:00,1.27032,1.25638,LONG,1.27284,1.26959,32.5,YES,YES,NONE,NO_BREAKOUT,,,
2023-08-25,2023.08.25 07:00:00,1.25647,1.25638,LONG,1.26056,1.25637,41.9,YES,YES,NONE,NO_BREAKOUT,,,
2023-08-25,2023.08.25 08:00:00,1.25780,1.25638,LONG,1.26056,1.25637,41.9,YES,YES,NONE,NO_BREAKOUT,,,
2023-08-25,2023.08.25 09:00:00,1.25692,1.25638,LONG,1.26056,1.25637,41.9,YES,YES,NONE,NO_BREAKOUT,,,
2023-08-28,2023.08.28 07:00:00,1.25996,1.25648,LONG,1.26039,1.25690,34.9,YES,YES,NONE,NO_BREAKOUT,,,
2023-08-28,2023.08.28 08:00:00,1.26001,1.25648,LONG,1.26039,1.25690,34.9,YES,YES,NONE,NO_BREAKOUT,,,
2023-08-28,2023.08.28 09:00:00,1.26048,1.25648,LONG,1.26039,1.25690,34.9,YES,YES,LONG,,1.26039,1.25690,1.26563
2023-08-29,2023.08.29 07:00:00,1.26229,1.25648,LONG,1.26317,1.25871,44.6,YES,YES,NONE,NO_BREAKOUT,,,
2023-08-29,2023.08.29 08:00:00,1.26228,1.25648,LONG,1.26317,1.25871,44.6,YES,YES,NONE,NO_BREAKOUT,,,
2023-08-29,2023.08.29 09:00:00,1.26123,1.25648,LONG,1.26317,1.25871,44.6,YES,YES,NONE,NO_BREAKOUT,,,
2023-08-30,2023.08.30 07:00:00,1.26227,1.25648,LONG,1.26495,1.26248,24.7,YES,YES,NONE,NO_BREAKOUT,,,
2023-08-30,2023.08.30 08:00:00,1.26244,1.25648,LONG,1.26495,1.26248,24.7,YES,YES,NONE,NO_BREAKOUT,,,
2023-08-30,2023.08.30 09:00:00,1.26311,1.25648,LONG,1.26495,1.26248,24.7,YES,YES,NONE,NO_BREAKOUT,,,
2023-08-31,2023.08.31 07:00:00,1.27231,1.25648,LONG,1.27342,1.27042,30.0,YES,YES,NONE,NO_BREAKOUT,,,
2023-08-31,2023.08.31 08:00:00,1.27161,1.25648,LONG,1.27342,1.27042,30.0,YES,YES,NONE,NO_BREAKOUT,,,
2023-08-31,2023.08.31 09:00:00,1.27020,1.25648,LONG,1.27342,1.27042,30.0,YES,YES,NONE,NO_BREAKOUT,,,
2023-09-01,2023.09.01 07:00:00,1.26681,1.25648,LONG,1.26832,1.26537,29.5,YES,YES,NONE,NO_BREAKOUT,,,
2023-09-01,2023.09.01 08:00:00,1.26659,1.25648,LONG,1.26832,1.26537,29.5,YES,YES,NONE,NO_BREAKOUT,,,
2023-09-01,2023.09.01 09:00:00,1.26554,1.25648,LONG,1.26832,1.26537,29.5,YES,YES,NONE,NO_BREAKOUT,,,
2023-09-04,2023.09.04 07:00:00,1.26071,1.25662,LONG,1.26053,1.25823,23.0,YES,YES,LONG,,1.26053,1.25823,1.26398
2023-09-05,2023.09.05 07:00:00,1.26259,1.25662,LONG,1.26315,1.26044,27.1,YES,YES,NONE,NO_BREAKOUT,,,
2023-09-05,2023.09.05 08:00:00,1.26130,1.25662,LONG,1.26315,1.26044,27.1,YES,YES,NONE,NO_BREAKOUT,,,
2023-09-05,2023.09.05 09:00:00,1.25838,1.25662,LONG,1.26315,1.26044,27.1,YES,YES,NONE,NO_BREAKOUT,,,
2023-09-06,2023.09.06 07:00:00,1.25741,1.25662,LONG,1.25735,1.25489,24.6,YES,YES,LONG,,1.25735,1.25489,1.26104
2023-09-07,2023.09.07 07:00:00,1.24978,1.25662,SHORT,1.25073,1.24878,19.5,YES,YES,NONE,NO_BREAKOUT,,,
2023-09-07,2023.09.07 08:00:00,1.24962,1.25662,SHORT,1.25073,1.24878,19.5,YES,YES,NONE,NO_BREAKOUT,,,
2023-09-07,2023.09.07 09:00:00,1.24806,1.25662,SHORT,1.25073,1.24878,19.5,YES,YES,SHORT,,1.24878,1.25073,1.24586
2023-09-08,2023.09.08 07:00:00,1.24899,1.25662,SHORT,1.25010,1.24642,36.8,YES,YES,NONE,NO_BREAKOUT,,,
2023-09-08,2023.09.08 08:00:00,1.25036,1.25662,SHORT,1.25010,1.24642,36.8,YES,YES,NONE,NO_BREAKOUT,,,
2023-09-08,2023.09.08 09:00:00,1.24827,1.25662,SHORT,1.25010,1.24642,36.8,YES,YES,NONE,NO_BREAKOUT,,,
2023-09-11,2023.09.11 07:00:00,1.25186,1.25587,SHORT,1.25033,1.24608,42.5,YES,YES,NONE,NO_BREAKOUT,,,
2023-09-11,2023.09.11 08:00:00,1.25135,1.25587,SHORT,1.25033,1.24608,42.5,YES,YES,NONE,NO_BREAKOUT,,,
2023-09-11,2023.09.11 09:00:00,1.25179,1.25587,SHORT,1.25033,1.24608,42.5,YES,YES,NONE,NO_BREAKOUT,,,
2023-09-12,2023.09.12 07:00:00,1.25107,1.25587,SHORT,1.25233,1.24985,24.8,YES,YES,NONE,NO_BREAKOUT,,,
2023-09-12,2023.09.12 08:00:00,1.25078,1.25587,SHORT,1.25233,1.24985,24.8,YES,YES,NONE,NO_BREAKOUT,,,
2023-09-12,2023.09.12 09:00:00,1.25119,1.25587,SHORT,1.25233,1.24985,24.8,YES,YES,NONE,NO_BREAKOUT,,,
2023-09-13,2023.09.13 07:00:00,1.24945,1.25587,SHORT,1.25018,1.24760,25.8,YES,YES,NONE,NO_BREAKOUT,,,
2023-09-13,2023.09.13 08:00:00,1.24872,1.25587,SHORT,1.25018,1.24760,25.8,YES,YES,NONE,NO_BREAKOUT,,,
2023-09-13,2023.09.13 09:00:00,1.24497,1.25587,SHORT,1.25018,1.24760,25.8,YES,YES,SHORT,,1.24760,1.25018,1.24373
2023-09-14,2023.09.14 07:00:00,1.25008,1.25587,SHORT,1.25039,1.24779,26.0,YES,YES,NONE,NO_BREAKOUT,,,
2023-09-14,2023.09.14 08:00:00,1.24989,1.25587,SHORT,1.25039,1.24779,26.0,YES,YES,NONE,NO_BREAKOUT,,,
2023-09-14,2023.09.14 09:00:00,1.24934,1.25587,SHORT,1.25039,1.24779,26.0,YES,YES,NONE,NO_BREAKOUT,,,
2023-09-15,2023.09.15 07:00:00,1.24285,1.25587,SHORT,1.24216,1.23992,22.4,YES,YES,NONE,NO_BREAKOUT,,,
2023-09-15,2023.09.15 08:00:00,1.24278,1.25587,SHORT,1.24216,1.23992,22.4,YES,YES,NONE,NO_BREAKOUT,,,
2023-09-15,2023.09.15 09:00:00,1.24271,1.25587,SHORT,1.24216,1.23992,22.4,YES,YES,NONE,NO_BREAKOUT,,,
2023-09-18,2023.09.18 07:00:00,1.23956,1.25455,SHORT,1.24038,1.23740,29.8,YES,YES,NONE,NO_BREAKOUT,,,
2023-09-18,2023.09.18 08:00:00,1.23943,1.25455,SHORT,1.24038,1.23740,29.8,YES,YES,NONE,NO_BREAKOUT,,,
2023-09-18,2023.09.18 09:00:00,1.23879,1.25455,SHORT,1.24038,1.23740,29.8,YES,YES,NONE,NO_BREAKOUT,,,
2023-09-19,2023.09.19 07:00:00,1.23782,1.25455,SHORT,1.23912,1.23672,24.0,YES,YES,NONE,NO_BREAKOUT,,,
2023-09-19,2023.09.19 08:00:00,1.23790,1.25455,SHORT,1.23912,1.23672,24.0,YES,YES,NONE,NO_BREAKOUT,,,
2023-09-19,2023.09.19 09:00:00,1.23790,1.25455,SHORT,1.23912,1.23672,24.0,YES,YES,NONE,NO_BREAKOUT,,,
2023-09-21,2023.09.21 07:00:00,1.23200,1.25455,SHORT,1.23472,1.23041,43.1,YES,YES,NONE,NO_BREAKOUT,,,
2023-09-21,2023.09.21 08:00:00,1.23194,1.25455,SHORT,1.23472,1.23041,43.1,YES,YES,NONE,NO_BREAKOUT,,,
2023-09-21,2023.09.21 09:00:00,1.23269,1.25455,SHORT,1.23472,1.23041,43.1,YES,YES,NONE,NO_BREAKOUT,,,
2023-09-22,2023.09.22 07:00:00,1.22841,1.25455,SHORT,1.22967,1.22728,23.9,YES,YES,NONE,NO_BREAKOUT,,,
2023-09-22,2023.09.22 08:00:00,1.22813,1.25455,SHORT,1.22967,1.22728,23.9,YES,YES,NONE,NO_BREAKOUT,,,
2023-09-22,2023.09.22 09:00:00,1.22820,1.25455,SHORT,1.22967,1.22728,23.9,YES,YES,NONE,NO_BREAKOUT,,,
2023-09-25,2023.09.25 07:00:00,1.22416,1.25224,SHORT,1.22527,1.22349,17.8,YES,YES,NONE,NO_BREAKOUT,,,
2023-09-25,2023.09.25 08:00:00,1.22363,1.25224,SHORT,1.22527,1.22349,17.8,YES,YES,NONE,NO_BREAKOUT,,,
2023-09-25,2023.09.25 09:00:00,1.22431,1.25224,SHORT,1.22527,1.22349,17.8,YES,YES,NONE,NO_BREAKOUT,,,
2023-09-26,2023.09.26 07:00:00,1.22053,1.25224,SHORT,1.22155,1.21935,22.0,YES,YES,NONE,NO_BREAKOUT,,,
2023-09-26,2023.09.26 08:00:00,1.21962,1.25224,SHORT,1.22155,1.21935,22.0,YES,YES,NONE,NO_BREAKOUT,,,
2023-09-26,2023.09.26 09:00:00,1.21709,1.25224,SHORT,1.22155,1.21935,22.0,YES,YES,SHORT,,1.21935,1.22155,1.21605
2023-09-27,2023.09.27 07:00:00,1.21469,1.25224,SHORT,1.21625,1.21400,22.5,YES,YES,NONE,NO_BREAKOUT,,,
2023-09-27,2023.09.27 08:00:00,1.21451,1.25224,SHORT,1.21625,1.21400,22.5,YES,YES,NONE,NO_BREAKOUT,,,
2023-09-27,2023.09.27 09:00:00,1.21536,1.25224,SHORT,1.21625,1.21400,22.5,YES,YES,NONE,NO_BREAKOUT,,,
2023-09-28,2023.09.28 07:00:00,1.21401,1.25224,SHORT,1.21448,1.21241,20.7,YES,YES,NONE,NO_BREAKOUT,,,
2023-09-28,2023.09.28 08:00:00,1.21451,1.25224,SHORT,1.21448,1.21241,20.7,YES,YES,NONE,NO_BREAKOUT,,,
2023-09-28,2023.09.28 09:00:00,1.21263,1.25224,SHORT,1.21448,1.21241,20.7,YES,YES,NONE,NO_BREAKOUT,,,
2023-09-29,2023.09.29 07:00:00,1.22221,1.25224,SHORT,1.22280,1.21893,38.7,YES,YES,NONE,NO_BREAKOUT,,,
2023-09-29,2023.09.29 08:00:00,1.22212,1.25224,SHORT,1.22280,1.21893,38.7,YES,YES,NONE,NO_BREAKOUT,,,
2023-09-29,2023.09.29 09:00:00,1.22434,1.25224,SHORT,1.22280,1.21893,38.7,YES,YES,NONE,NO_BREAKOUT,,,
2023-10-02,2023.10.02 07:00:00,1.21868,1.24986,SHORT,1.22058,1.21791,26.7,YES,YES,NONE,NO_BREAKOUT,,,
2023-10-02,2023.10.02 08:00:00,1.21772,1.24986,SHORT,1.22058,1.21791,26.7,YES,YES,SHORT,,1.21791,1.22058,1.21391
2023-10-03,2023.10.03 07:00:00,1.20642,1.24986,SHORT,1.20920,1.20707,21.3,YES,YES,SHORT,,1.20707,1.20920,1.20388
2023-10-04,2023.10.04 07:00:00,1.20817,1.24986,SHORT,1.20840,1.20602,23.8,YES,YES,NONE,NO_BREAKOUT,,,
2023-10-04,2023.10.04 08:00:00,1.20756,1.24986,SHORT,1.20840,1.20602,23.8,YES,YES,NONE,NO_BREAKOUT,,,
2023-10-04,2023.10.04 09:00:00,1.20544,1.24986,SHORT,1.20840,1.20602,23.8,YES,YES,SHORT,,1.20602,1.20840,1.20245
2023-10-05,2023.10.05 07:00:00,1.21561,1.24986,SHORT,1.21627,1.21295,33.2,YES,YES,NONE,NO_BREAKOUT,,,
2023-10-05,2023.10.05 08:00:00,1.21545,1.24986,SHORT,1.21627,1.21295,33.2,YES,YES,NONE,NO_BREAKOUT,,,
2023-10-05,2023.10.05 09:00:00,1.21390,1.24986,SHORT,1.21627,1.21295,33.2,YES,YES,NONE,NO_BREAKOUT,,,
2023-10-06,2023.10.06 07:00:00,1.21769,1.24986,SHORT,1.21928,1.21770,15.8,YES,YES,SHORT,,1.21770,1.21928,1.21533
2023-10-09,2023.10.09 07:00:00,1.21938,1.24791,SHORT,1.22244,1.21968,27.6,YES,YES,SHORT,,1.21968,1.22244,1.21554
2023-11-08,2023.11.08 07:00:00,1.22752,1.24068,SHORT,1.23025,1.22739,28.6,YES,YES,NONE,NO_BREAKOUT,,,
2023-11-08,2023.11.08 08:00:00,1.22728,1.24068,SHORT,1.23025,1.22739,28.6,YES,YES,SHORT,,1.22739,1.23025,1.22310
2023-11-09,2023.11.09 07:00:00,1.22781,1.24068,SHORT,1.22933,1.22740,19.3,YES,YES,NONE,NO_BREAKOUT,,,
2023-11-09,2023.11.09 08:00:00,1.22866,1.24068,SHORT,1.22933,1.22740,19.3,YES,YES,NONE,NO_BREAKOUT,,,
2023-11-09,2023.11.09 09:00:00,1.22821,1.24068,SHORT,1.22933,1.22740,19.3,YES,YES,NONE,NO_BREAKOUT,,,
2023-11-10,2023.11.10 07:00:00,1.22261,1.24068,SHORT,1.22278,1.22114,16.4,YES,YES,NONE,NO_BREAKOUT,,,
2023-11-10,2023.11.10 08:00:00,1.22257,1.24068,SHORT,1.22278,1.22114,16.4,YES,YES,NONE,NO_BREAKOUT,,,
2023-11-10,2023.11.10 09:00:00,1.22273,1.24068,SHORT,1.22278,1.22114,16.4,YES,YES,NONE,NO_BREAKOUT,,,
2023-11-13,2023.11.13 07:00:00,1.22302,1.23934,SHORT,1.22355,1.21979,37.6,YES,YES,NONE,NO_BREAKOUT,,,
2023-11-13,2023.11.13 08:00:00,1.22383,1.23934,SHORT,1.22355,1.21979,37.6,YES,YES,NONE,NO_BREAKOUT,,,
2023-11-13,2023.11.13 09:00:00,1.22369,1.23934,SHORT,1.22355,1.21979,37.6,YES,YES,NONE,NO_BREAKOUT,,,
2023-11-14,2023.11.14 07:00:00,1.22687,1.23934,SHORT,1.22802,1.22473,32.9,YES,YES,NONE,NO_BREAKOUT,,,
2023-11-14,2023.11.14 08:00:00,1.22761,1.23934,SHORT,1.22802,1.22473,32.9,YES,YES,NONE,NO_BREAKOUT,,,
2023-11-14,2023.11.14 09:00:00,1.22949,1.23934,SHORT,1.22802,1.22473,32.9,YES,YES,NONE,NO_BREAKOUT,,,
2023-11-15,2023.11.15 07:00:00,1.24887,1.23934,LONG,1.24998,1.24788,21.0,YES,YES,NONE,NO_BREAKOUT,,,
2023-11-15,2023.11.15 08:00:00,1.24878,1.23934,LONG,1.24998,1.24788,21.0,YES,YES,NONE,NO_BREAKOUT,,,
2023-11-15,2023.11.15 09:00:00,1.24696,1.23934,LONG,1.24998,1.24788,21.0,YES,YES,NONE,NO_BREAKOUT,,,
2023-11-16,2023.11.16 07:00:00,1.23950,1.23934,LONG,1.24237,1.23798,43.9,YES,YES,NONE,NO_BREAKOUT,,,
2023-11-16,2023.11.16 08:00:00,1.23966,1.23934,LONG,1.24237,1.23798,43.9,YES,YES,NONE,NO_BREAKOUT,,,
2023-11-16,2023.11.16 09:00:00,1.23800,1.23934,SHORT,1.24237,1.23798,43.9,YES,YES,NONE,NO_BREAKOUT,,,
2023-11-17,2023.11.17 07:00:00,1.24140,1.23934,LONG,1.24218,1.24011,20.7,YES,YES,NONE,NO_BREAKOUT,,,
2023-11-17,2023.11.17 08:00:00,1.24123,1.23934,LONG,1.24218,1.24011,20.7,YES,YES,NONE,NO_BREAKOUT,,,
2023-11-17,2023.11.17 09:00:00,1.23841,1.23934,SHORT,1.24218,1.24011,20.7,YES,YES,SHORT,,1.24011,1.24218,1.23701
2023-11-20,2023.11.20 07:00:00,1.24801,1.23983,LONG,1.24949,1.24431,51.8,YES,YES,NONE,NO_BREAKOUT,,,
2023-11-20,2023.11.20 08:00:00,1.24760,1.23983,LONG,1.24949,1.24431,51.8,YES,YES,NONE,NO_BREAKOUT,,,
2023-11-20,2023.11.20 09:00:00,1.24748,1.23983,LONG,1.24949,1.24431,51.8,YES,YES,NONE,NO_BREAKOUT,,,
2023-11-21,2023.11.21 07:00:00,1.25260,1.23983,LONG,1.25397,1.24940,45.7,YES,YES,NONE,NO_BREAKOUT,,,
2023-11-21,2023.11.21 08:00:00,1.25254,1.23983,LONG,1.25397,1.24940,45.7,YES,YES,NONE,NO_BREAKOUT,,,
2023-11-21,2023.11.21 09:00:00,1.25238,1.23983,LONG,1.25397,1.24940,45.7,YES,YES,NONE,NO_BREAKOUT,,,
2023-11-22,2023.11.22 07:00:00,1.25254,1.23983,LONG,1.25490,1.25225,26.5,YES,YES,NONE,NO_BREAKOUT,,,
2023-11-22,2023.11.22 08:00:00,1.25193,1.23983,LONG,1.25490,1.25225,26.5,YES,YES,NONE,NO_BREAKOUT,,,
2023-11-22,2023.11.22 09:00:00,1.25265,1.23983,LONG,1.25490,1.25225,26.5,YES,YES,NONE,NO_BREAKOUT,,,
2023-11-23,2023.11.23 07:00:00,1.25114,1.23983,LONG,1.25060,1.24829,23.1,YES,YES,LONG,,1.25060,1.24829,1.25407
